id_match,home_team,away_team,home_team_code,away_team_code,home_score,away_score,home_penalty,away_penalty,home_score_total,away_score_total,winner,winner_reason,year,date,date_time,utc_offset_hours,group_name,matchday_name,condition_humidity,condition_pitch,condition_temperature,condition_weather,condition_wind_speed,status,type,round,round_mode,match_attendance,stadium_id,stadium_country_code,stadium_capacity,stadium_latitude,stadium_longitude,stadium_pitch_length,stadium_pitch_width,goals,penalties_missed,penalties,red_cards,game_referees,stadium_city,stadium_name,stadium_name_media,stadium_name_official,stadium_name_event,stadium_name_sponsor
2036211,W49,W50,,,,,,,,,,,2024,2024-07-14,2024-07-14T19:00:00Z,2.0,,MD7,,,,,,UPCOMING,SINGLE,FINAL,FINAL,,62875,GER,74244.0,52.5147139,13.2393972,105.0,68.0,,,,,[],Berlin,Olympiastadion,Olympiastadion,Olympiastadion,Olympiastadion,Olympiastadion
2036210,W47,W48,,,,,,,,,,,2024,2024-07-10,2024-07-10T19:00:00Z,2.0,,MD6,,,,,,UPCOMING,SINGLE,SEMIFINAL,KNOCK_OUT,,57798,GER,81365.0,51.4925889,7.4517722,105.0,68.0,,,,,[],Dortmund,BVB Stadion Dortmund,BVB Stadion Dortmund,BVB Stadion Dortmund,BVB Stadion Dortmund,Signal Iduna Park
2036209,W45,W46,,,,,,,,,,,2024,2024-07-09,2024-07-09T19:00:00Z,2.0,,MD6,,,,,,UPCOMING,SINGLE,SEMIFINAL,KNOCK_OUT,,85441,GER,75000.0,48.2187944,11.6247306,105.0,68.0,,,,,[],Munich,Munich Football Arena,Football Arena Munich,Fußball Arena München,Munich Football Arena,Allianz Arena
2036207,W43,W44,,,,,,,,,,,2024,2024-07-06,2024-07-06T19:00:00Z,2.0,,MD5,,,,,,UPCOMING,SINGLE,QUARTER_FINALS,KNOCK_OUT,,62875,GER,74244.0,52.5147139,13.2393972,105.0,68.0,,,,,[],Berlin,Olympiastadion,Olympiastadion,Olympiastadion,Olympiastadion,Olympiastadion
2036208,W40,W38,,,,,,,,,,,2024,2024-07-06,2024-07-06T16:00:00Z,2.0,,MD5,,,,,,UPCOMING,SINGLE,QUARTER_FINALS,KNOCK_OUT,,1100174,GER,44559.0,51.260304,6.732731,105.0,68.0,,,,,[],Dusseldorf,Düsseldorf Arena,Düsseldorf Arena,Düsseldorf Arena,Düsseldorf Arena,ESPRIT arena
2036206,W41,W42,,,,,,,,,,,2024,2024-07-05,2024-07-05T19:00:00Z,2.0,,MD5,,,,,,UPCOMING,SINGLE,QUARTER_FINALS,KNOCK_OUT,,53103,GER,51831.0,53.5871556,9.8985528,105.0,68.0,,,,,[],Hamburg,Volksparkstadion,Volksparkstadion,Volksparkstadion,Volksparkstadion,Volksparkstadion
2036205,W39,W37,,,,,,,,,,,2024,2024-07-05,2024-07-05T16:00:00Z,2.0,,MD5,,,,,,UPCOMING,SINGLE,QUARTER_FINALS,KNOCK_OUT,,53101,GER,54697.0,48.7922694,9.2320083,105.0,68.0,,,,,[],Stuttgart,Stuttgart Arena,Mercedes-Benz-Arena,Arena Stuttgart,Stuttgart Arena,Mercedes-Benz Arena
2036204,1st: D,2nd: F,,,,,,,,,,,2024,2024-07-02,2024-07-02T19:00:00Z,2.0,,MD4,,,,,,UPCOMING,SINGLE,ROUND_OF_16,KNOCK_OUT,,85442,GER,42146.0,51.3457333,12.3481806,105.0,68.0,,,,,[],Leipzig,Leipzig Stadium,RB Arena,RB Arena,Leipzig Stadium,Red Bull Arena
2036203,1st: E,3rd: A/B/C/D,,,,,,,,,,,2024,2024-07-02,2024-07-02T16:00:00Z,2.0,,MD4,,,,,,UPCOMING,SINGLE,ROUND_OF_16,KNOCK_OUT,,85441,GER,75000.0,48.2187944,11.6247306,105.0,68.0,,,,,[],Munich,Munich Football Arena,Football Arena Munich,Fußball Arena München,Munich Football Arena,Allianz Arena
2036201,1st: F,3rd: A/B/C,,,,,,,,,,,2024,2024-07-01,2024-07-01T19:00:00Z,2.0,,MD4,,,,,,UPCOMING,SINGLE,ROUND_OF_16,KNOCK_OUT,,85690,GER,49474.0,50.0685861,8.6454556,105.0,68.0,,,,,[],Frankfurt am Main,Frankfurt Arena,Frankfurt Stadion,Frankfurt Stadion,Frankfurt Arena,Deutsche Bank Park
2036202,2nd: D,2nd: E,,,,,,,,,,,2024,2024-07-01,2024-07-01T16:00:00Z,2.0,,MD4,,,,,,UPCOMING,SINGLE,ROUND_OF_16,KNOCK_OUT,,1100174,GER,44559.0,51.260304,6.732731,105.0,68.0,,,,,[],Dusseldorf,Düsseldorf Arena,Düsseldorf Arena,Düsseldorf Arena,Düsseldorf Arena,ESPRIT arena
2036199,1st: B,3rd: A/D/E/F,,,,,,,,,,,2024,2024-06-30,2024-06-30T19:00:00Z,2.0,,MD4,,,,,,UPCOMING,SINGLE,ROUND_OF_16,KNOCK_OUT,,52864,GER,45134.0,50.9335056,6.8749944,105.0,68.0,,,,,[],Cologne,Cologne Stadium,RheinEnergieStadion,Stadion Köln,Cologne Stadium,RheinEnergieStadion
2036200,1st: C,3rd: D/E/F,,,,,,,,,,,2024,2024-06-30,2024-06-30T16:00:00Z,2.0,,MD4,,,,,,UPCOMING,SINGLE,ROUND_OF_16,KNOCK_OUT,,79089,GER,54740.0,51.5545417,7.0675694,105.0,68.0,,,,,[],Gelsenkirchen,Arena AufSchalke,Arena AufSchalke,Arena AufSchalke,Arena AufSchalke,Veltins Arena
2036197,1st: A,2nd: C,,,,,,,,,,,2024,2024-06-29,2024-06-29T19:00:00Z,2.0,,MD4,,,,,,UPCOMING,SINGLE,ROUND_OF_16,KNOCK_OUT,,57798,GER,81365.0,51.4925889,7.4517722,105.0,68.0,,,,,[],Dortmund,BVB Stadion Dortmund,BVB Stadion Dortmund,BVB Stadion Dortmund,BVB Stadion Dortmund,Signal Iduna Park
2036198,2nd: A,2nd: B,,,,,,,,,,,2024,2024-06-29,2024-06-29T16:00:00Z,2.0,,MD4,,,,,,UPCOMING,SINGLE,ROUND_OF_16,KNOCK_OUT,,62875,GER,74244.0,52.5147139,13.2393972,105.0,68.0,,,,,[],Berlin,Olympiastadion,Olympiastadion,Olympiastadion,Olympiastadion,Olympiastadion
2036195,Czechia,Türkiye,CZE,TUR,,,,,,,,,2024,2024-06-26,2024-06-26T19:00:00Z,2.0,Group F,MD3,,,,,,UPCOMING,GROUP_STAGE,GROUP_STANDINGS,GROUP,,53103,GER,51831.0,53.5871556,9.8985528,105.0,68.0,,,,,"[{'name': 'Mark Evans', 'role': 'UEFA_DELEGATE', 'name_short': 'Evans', 'gender': 'MALE', 'counrty_code': 'WAL', 'counrty': 'Wales'}]",Hamburg,Volksparkstadion,Volksparkstadion,Volksparkstadion,Volksparkstadion,Volksparkstadion
2036196,Georgia,Portugal,GEO,POR,,,,,,,,,2024,2024-06-26,2024-06-26T19:00:00Z,2.0,Group F,MD3,,,,,,UPCOMING,GROUP_STAGE,GROUP_STANDINGS,GROUP,,79089,GER,54740.0,51.5545417,7.0675694,105.0,68.0,,,,,"[{'name': 'Iveta Bankova', 'role': 'UEFA_DELEGATE', 'name_short': 'Bankova', 'gender': 'FEMALE', 'counrty_code': 'BUL', 'counrty': 'Bulgaria'}]",Gelsenkirchen,Arena AufSchalke,Arena AufSchalke,Arena AufSchalke,Arena AufSchalke,Veltins Arena
2036193,Ukraine,Belgium,UKR,BEL,,,,,,,,,2024,2024-06-26,2024-06-26T16:00:00Z,2.0,Group E,MD3,,,,,,UPCOMING,GROUP_STAGE,GROUP_STANDINGS,GROUP,,53101,GER,54697.0,48.7922694,9.2320083,105.0,68.0,,,,,"[{'name': 'Per Svärd', 'role': 'UEFA_DELEGATE', 'name_short': 'Svärd', 'gender': 'MALE', 'counrty_code': 'SWE', 'counrty': 'Sweden'}]",Stuttgart,Stuttgart Arena,Mercedes-Benz-Arena,Arena Stuttgart,Stuttgart Arena,Mercedes-Benz Arena
2036194,Slovakia,Romania,SVK,ROU,,,,,,,,,2024,2024-06-26,2024-06-26T16:00:00Z,2.0,Group E,MD3,,,,,,UPCOMING,GROUP_STAGE,GROUP_STANDINGS,GROUP,,85690,GER,49474.0,50.0685861,8.6454556,105.0,68.0,,,,,"[{'name': 'Konul Mehtiyeva', 'role': 'UEFA_DELEGATE', 'name_short': 'Mehtiyeva', 'gender': 'FEMALE', 'counrty_code': 'AZE', 'counrty': 'Azerbaijan'}]",Frankfurt am Main,Frankfurt Arena,Frankfurt Stadion,Frankfurt Stadion,Frankfurt Arena,Deutsche Bank Park
2036190,Denmark,Serbia,DEN,SRB,,,,,,,,,2024,2024-06-25,2024-06-25T19:00:00Z,2.0,Group C,MD3,,,,,,UPCOMING,GROUP_STAGE,GROUP_STANDINGS,GROUP,,85441,GER,75000.0,48.2187944,11.6247306,105.0,68.0,,,,,"[{'name': 'Arturs Gaidels', 'role': 'UEFA_DELEGATE', 'name_short': 'Gaidels', 'gender': 'MALE', 'counrty_code': 'LVA', 'counrty': 'Latvia'}]",Munich,Munich Football Arena,Football Arena Munich,Fußball Arena München,Munich Football Arena,Allianz Arena
2036189,England,Slovenia,ENG,SVN,,,,,,,,,2024,2024-06-25,2024-06-25T19:00:00Z,2.0,Group C,MD3,,,,,,UPCOMING,GROUP_STAGE,GROUP_STANDINGS,GROUP,,52864,GER,45134.0,50.9335056,6.8749944,105.0,68.0,,,,,"[{'name': 'Paolo Rondelli', 'role': 'UEFA_DELEGATE', 'name_short': 'Rondelli', 'gender': 'MALE', 'counrty_code': 'SMR', 'counrty': 'San Marino'}]",Cologne,Cologne Stadium,RheinEnergieStadion,Stadion Köln,Cologne Stadium,RheinEnergieStadion
2036191,France,Poland,FRA,POL,,,,,,,,,2024,2024-06-25,2024-06-25T16:00:00Z,2.0,Group D,MD3,,,,,,UPCOMING,GROUP_STAGE,GROUP_STANDINGS,GROUP,,57798,GER,81365.0,51.4925889,7.4517722,105.0,68.0,,,,,"[{'name': 'Peter Lundström', 'role': 'UEFA_DELEGATE', 'name_short': 'Lundström', 'gender': 'MALE', 'counrty_code': 'FIN', 'counrty': 'Finland'}]",Dortmund,BVB Stadion Dortmund,BVB Stadion Dortmund,BVB Stadion Dortmund,BVB Stadion Dortmund,Signal Iduna Park
2036192,Netherlands,Austria,NED,AUT,,,,,,,,,2024,2024-06-25,2024-06-25T16:00:00Z,2.0,Group D,MD3,,,,,,UPCOMING,GROUP_STAGE,GROUP_STANDINGS,GROUP,,62875,GER,74244.0,52.5147139,13.2393972,105.0,68.0,,,,,"[{'name': 'Filip Popovski', 'role': 'UEFA_DELEGATE', 'name_short': 'Popovski', 'gender': 'MALE', 'counrty_code': 'MKD', 'counrty': 'North Macedonia'}]",Berlin,Olympiastadion,Olympiastadion,Olympiastadion,Olympiastadion,Olympiastadion
2036188,Croatia,Italy,CRO,ITA,,,,,,,,,2024,2024-06-24,2024-06-24T19:00:00Z,2.0,Group B,MD3,,,,,,UPCOMING,GROUP_STAGE,GROUP_STANDINGS,GROUP,,85442,GER,42146.0,51.3457333,12.3481806,105.0,68.0,,,,,"[{'name': 'Paul Lyon', 'role': 'UEFA_DELEGATE', 'name_short': 'Lyon', 'gender': 'MALE', 'counrty_code': 'GIB', 'counrty': 'Gibraltar'}]",Leipzig,Leipzig Stadium,RB Arena,RB Arena,Leipzig Stadium,Red Bull Arena
2036187,Albania,Spain,ALB,ESP,,,,,,,,,2024,2024-06-24,2024-06-24T19:00:00Z,2.0,Group B,MD3,,,,,,UPCOMING,GROUP_STAGE,GROUP_STANDINGS,GROUP,,1100174,GER,44559.0,51.260304,6.732731,105.0,68.0,,,,,"[{'name': 'Adrian Ixari', 'role': 'UEFA_DELEGATE', 'name_short': 'Ixari', 'gender': 'MALE', 'counrty_code': 'MDA', 'counrty': 'Moldova'}]",Dusseldorf,Düsseldorf Arena,Düsseldorf Arena,Düsseldorf Arena,Düsseldorf Arena,ESPRIT arena
2036186,Scotland,Hungary,SCO,HUN,,,,,,,,,2024,2024-06-23,2024-06-23T19:00:00Z,2.0,Group A,MD3,,,,,,UPCOMING,GROUP_STAGE,GROUP_STANDINGS,GROUP,,53101,GER,54697.0,48.7922694,9.2320083,105.0,68.0,,,,,"[{'name': 'Per Svärd', 'role': 'UEFA_DELEGATE', 'name_short': 'Svärd', 'gender': 'MALE', 'counrty_code': 'SWE', 'counrty': 'Sweden'}]",Stuttgart,Stuttgart Arena,Mercedes-Benz-Arena,Arena Stuttgart,Stuttgart Arena,Mercedes-Benz Arena
2036185,Switzerland,Germany,SUI,GER,,,,,,,,,2024,2024-06-23,2024-06-23T19:00:00Z,2.0,Group A,MD3,,,,,,UPCOMING,GROUP_STAGE,GROUP_STANDINGS,GROUP,,85690,GER,49474.0,50.0685861,8.6454556,105.0,68.0,,,,,"[{'name': 'Konul Mehtiyeva', 'role': 'UEFA_DELEGATE', 'name_short': 'Mehtiyeva', 'gender': 'FEMALE', 'counrty_code': 'AZE', 'counrty': 'Azerbaijan'}]",Frankfurt am Main,Frankfurt Arena,Frankfurt Stadion,Frankfurt Stadion,Frankfurt Arena,Deutsche Bank Park
2036181,Belgium,Romania,BEL,ROU,,,,,,,,,2024,2024-06-22,2024-06-22T19:00:00Z,2.0,Group E,MD2,,,,,,UPCOMING,GROUP_STAGE,GROUP_STANDINGS,GROUP,,52864,GER,45134.0,50.9335056,6.8749944,105.0,68.0,,,,,"[{'name': 'Paolo Rondelli', 'role': 'UEFA_DELEGATE', 'name_short': 'Rondelli', 'gender': 'MALE', 'counrty_code': 'SMR', 'counrty': 'San Marino'}]",Cologne,Cologne Stadium,RheinEnergieStadion,Stadion Köln,Cologne Stadium,RheinEnergieStadion
2036183,Türkiye,Portugal,TUR,POR,,,,,,,,,2024,2024-06-22,2024-06-22T16:00:00Z,2.0,Group F,MD2,,,,,,UPCOMING,GROUP_STAGE,GROUP_STANDINGS,GROUP,,57798,GER,81365.0,51.4925889,7.4517722,105.0,68.0,,,,,"[{'name': 'Peter Lundström', 'role': 'UEFA_DELEGATE', 'name_short': 'Lundström', 'gender': 'MALE', 'counrty_code': 'FIN', 'counrty': 'Finland'}]",Dortmund,BVB Stadion Dortmund,BVB Stadion Dortmund,BVB Stadion Dortmund,BVB Stadion Dortmund,Signal Iduna Park
2036184,Georgia,Czechia,GEO,CZE,,,,,,,,,2024,2024-06-22,2024-06-22T13:00:00Z,2.0,Group F,MD2,,,,,,UPCOMING,GROUP_STAGE,GROUP_STANDINGS,GROUP,,53103,GER,51831.0,53.5871556,9.8985528,105.0,68.0,,,,,"[{'name': 'Mark Evans', 'role': 'UEFA_DELEGATE', 'name_short': 'Evans', 'gender': 'MALE', 'counrty_code': 'WAL', 'counrty': 'Wales'}]",Hamburg,Volksparkstadion,Volksparkstadion,Volksparkstadion,Volksparkstadion,Volksparkstadion
2036180,Netherlands,France,NED,FRA,,,,,,,,,2024,2024-06-21,2024-06-21T19:00:00Z,2.0,Group D,MD2,,,,,,UPCOMING,GROUP_STAGE,GROUP_STANDINGS,GROUP,,85442,GER,42146.0,51.3457333,12.3481806,105.0,68.0,,,,,"[{'name': 'Fedayi San', 'role': 'ASSISTANT_VIDEO_ASSISTANT_REFEREE_ONE', 'name_short': 'San', 'gender': 'MALE', 'counrty_code': 'SUI', 'counrty': 'Switzerland'}, {'name': 'Stuart Attwell', 'role': 'VIDEO_ASSISTANT_REFEREE', 'name_short': 'Attwell', 'gender': 'MALE', 'counrty_code': 'ENG', 'counrty': 'England'}, {'name': 'Glenn Nyberg', 'role': 'FOURTH_OFFICIAL', 'name_short': 'Nyberg', 'gender': 'MALE', 'counrty_code': 'SWE', 'counrty': 'Sweden'}, {'name': 'Gary Beswick', 'role': 'ASSISTANT_REFEREE_ONE', 'name_short': 'Beswick', 'gender': 'MALE', 'counrty_code': 'ENG', 'counrty': 'England'}, {'name': 'Anthony Taylor', 'role': 'REFEREE', 'name_short': 'Taylor', 'gender': 'MALE', 'counrty_code': 'ENG', 'counrty': 'England'}, {'name': 'Adam Nunn', 'role': 'ASSISTANT_REFEREE_TWO', 'name_short': 'Nunn', 'gender': 'MALE', 'counrty_code': 'ENG', 'counrty': 'England'}, {'name': 'Paul Lyon', 'role': 'UEFA_DELEGATE', 'name_short': 'Lyon', 'gender': 'MALE', 'counrty_code': 'GIB', 'counrty': 'Gibraltar'}, {'name': 'Marco Fritz', 'role': 'ASSISTANT_VIDEO_ASSISTANT_REFEREE_TWO', 'name_short': 'Fritz', 'gender': 'MALE', 'counrty_code': 'GER', 'counrty': 'Germany'}, {'name': 'Kyros Vassaras', 'role': 'REFEREE_OBSERVER', 'name_short': 'Vassaras', 'gender': 'MALE', 'counrty_code': 'GRE', 'counrty': 'Greece'}]",Leipzig,Leipzig Stadium,RB Arena,RB Arena,Leipzig Stadium,Red Bull Arena
2036179,Poland,Austria,POL,AUT,,,,,,,,,2024,2024-06-21,2024-06-21T16:00:00Z,2.0,Group D,MD2,,,,,,UPCOMING,GROUP_STAGE,GROUP_STANDINGS,GROUP,,62875,GER,74244.0,52.5147139,13.2393972,105.0,68.0,,,,,"[{'name': 'Emre Eyisoy', 'role': 'ASSISTANT_REFEREE_ONE', 'name_short': 'Eyisoy', 'gender': 'MALE', 'counrty_code': 'TUR', 'counrty': 'Türkiye'}, {'name': 'Lutz Michael Fröhlich', 'role': 'REFEREE_OBSERVER', 'name_short': 'Fröhlich', 'gender': 'MALE', 'counrty_code': 'GER', 'counrty': 'Germany'}, {'name': 'Alper Ulusoy', 'role': 'ASSISTANT_VIDEO_ASSISTANT_REFEREE_ONE', 'name_short': 'Ulusoy', 'gender': 'MALE', 'counrty_code': 'TUR', 'counrty': 'Türkiye'}, {'name': 'Umut Meler', 'role': 'REFEREE', 'name_short': 'Meler', 'gender': 'MALE', 'counrty_code': 'TUR', 'counrty': 'Türkiye'}, {'name': 'Filip Popovski', 'role': 'UEFA_DELEGATE', 'name_short': 'Popovski', 'gender': 'MALE', 'counrty_code': 'MKD', 'counrty': 'North Macedonia'}, {'name': 'Rade Obrenovic', 'role': 'FOURTH_OFFICIAL', 'name_short': 'Obrenovic', 'gender': 'MALE', 'counrty_code': 'SVN', 'counrty': 'Slovenia'}, {'name': 'Massimiliano Irrati', 'role': 'ASSISTANT_VIDEO_ASSISTANT_REFEREE_TWO', 'name_short': 'Irrati', 'gender': 'MALE', 'counrty_code': 'ITA', 'counrty': 'Italy'}, {'name': 'Paolo Valeri', 'role': 'VIDEO_ASSISTANT_REFEREE', 'name_short': 'Valeri', 'gender': 'MALE', 'counrty_code': 'ITA', 'counrty': 'Italy'}, {'name': 'Kerem Ersoy', 'role': 'ASSISTANT_REFEREE_TWO', 'name_short': 'Kerem Ersoy', 'gender': 'MALE', 'counrty_code': 'TUR', 'counrty': 'Türkiye'}]",Berlin,Olympiastadion,Olympiastadion,Olympiastadion,Olympiastadion,Olympiastadion
2036182,Slovakia,Ukraine,SVK,UKR,,,,,,,,,2024,2024-06-21,2024-06-21T13:00:00Z,2.0,Group E,MD2,,,,,,UPCOMING,GROUP_STAGE,GROUP_STANDINGS,GROUP,,1100174,GER,44559.0,51.260304,6.732731,105.0,68.0,,,,,"[{'name': 'Dan Cook', 'role': 'ASSISTANT_REFEREE_TWO', 'name_short': 'Cook', 'gender': 'MALE', 'counrty_code': 'ENG', 'counrty': 'England'}, {'name': 'David Coote', 'role': 'ASSISTANT_VIDEO_ASSISTANT_REFEREE_ONE', 'name_short': 'Coote', 'gender': 'MALE', 'counrty_code': 'ENG', 'counrty': 'England'}, {'name': 'Michael Oliver', 'role': 'REFEREE', 'name_short': 'Oliver', 'gender': 'MALE', 'counrty_code': 'ENG', 'counrty': 'England'}, {'name': 'Stuart Burt', 'role': 'ASSISTANT_REFEREE_ONE', 'name_short': 'Burt', 'gender': 'MALE', 'counrty_code': 'ENG', 'counrty': 'England'}, {'name': 'Bastian Dankert', 'role': 'VIDEO_ASSISTANT_REFEREE', 'name_short': 'Dankert', 'gender': 'MALE', 'counrty_code': 'GER', 'counrty': 'Germany'}, {'name': 'Christian Dingert', 'role': 'ASSISTANT_VIDEO_ASSISTANT_REFEREE_TWO', 'name_short': 'Dingert', 'gender': 'MALE', 'counrty_code': 'GER', 'counrty': 'Germany'}, {'name': 'Adrian Ixari', 'role': 'UEFA_DELEGATE', 'name_short': 'Ixari', 'gender': 'MALE', 'counrty_code': 'MDA', 'counrty': 'Moldova'}, {'name': 'Serdar Gözübüyük', 'role': 'FOURTH_OFFICIAL', 'name_short': 'Gözübüyük', 'gender': 'MALE', 'counrty_code': 'NED', 'counrty': 'Netherlands'}, {'name': 'Hugh Dallas', 'role': 'REFEREE_OBSERVER', 'name_short': 'Dallas', 'gender': 'MALE', 'counrty_code': '', 'counrty': ''}]",Dusseldorf,Düsseldorf Arena,Düsseldorf Arena,Düsseldorf Arena,Düsseldorf Arena,ESPRIT arena
2036175,Spain,Italy,ESP,ITA,,,,,,,,,2024,2024-06-20,2024-06-20T19:00:00Z,2.0,Group B,MD2,,,,,,UPCOMING,GROUP_STAGE,GROUP_STANDINGS,GROUP,,79089,GER,54740.0,51.5545417,7.0675694,105.0,68.0,,,,,"[{'name': 'Bartosz Frankowski', 'role': 'ASSISTANT_VIDEO_ASSISTANT_REFEREE_ONE', 'name_short': 'Frankowski', 'gender': 'MALE', 'counrty_code': 'POL', 'counrty': 'Poland'}, {'name': 'Andraž Kovačič', 'role': 'ASSISTANT_REFEREE_TWO', 'name_short': 'Kovačič', 'gender': 'MALE', 'counrty_code': 'SVN', 'counrty': 'Slovenia'}, {'name': 'Nejc Kajtazovic', 'role': 'VIDEO_ASSISTANT_REFEREE', 'name_short': 'Kajtazovic', 'gender': 'MALE', 'counrty_code': 'SVN', 'counrty': 'Slovenia'}, {'name': 'Tomaž Klančnik', 'role': 'ASSISTANT_REFEREE_ONE', 'name_short': 'Klančnik', 'gender': 'MALE', 'counrty_code': 'SVN', 'counrty': 'Slovenia'}, {'name': 'Clément Turpin', 'role': 'FOURTH_OFFICIAL', 'name_short': 'Turpin', 'gender': 'MALE', 'counrty_code': 'FRA', 'counrty': 'France'}, {'name': 'Iveta Bankova', 'role': 'UEFA_DELEGATE', 'name_short': 'Bankova', 'gender': 'FEMALE', 'counrty_code': 'BUL', 'counrty': 'Bulgaria'}, {'name': 'Slavko Vinčić', 'role': 'REFEREE', 'name_short': 'Vinčić', 'gender': 'MALE', 'counrty_code': 'SVN', 'counrty': 'Slovenia'}, {'name': 'Frank De Bleeckere', 'role': 'REFEREE_OBSERVER', 'name_short': 'De Bleeckere', 'gender': 'MALE', 'counrty_code': 'BEL', 'counrty': 'Belgium'}, {'name': 'Tomasz Kwiatkowski', 'role': 'ASSISTANT_VIDEO_ASSISTANT_REFEREE_TWO', 'name_short': 'Kwiatkowski', 'gender': 'MALE', 'counrty_code': 'POL', 'counrty': 'Poland'}]",Gelsenkirchen,Arena AufSchalke,Arena AufSchalke,Arena AufSchalke,Arena AufSchalke,Veltins Arena
2036178,Denmark,England,DEN,ENG,,,,,,,,,2024,2024-06-20,2024-06-20T16:00:00Z,2.0,Group C,MD2,,,,,,UPCOMING,GROUP_STAGE,GROUP_STANDINGS,GROUP,,85690,GER,49474.0,50.0685861,8.6454556,105.0,68.0,,,,,"[{'name': 'Mykola Balakin', 'role': 'FOURTH_OFFICIAL', 'name_short': 'Balakin', 'gender': 'MALE', 'counrty_code': 'UKR', 'counrty': 'Ukraine'}, {'name': 'Nicola Rizzoli', 'role': 'REFEREE_OBSERVER', 'name_short': 'Rizzoli', 'gender': 'MALE', 'counrty_code': 'ITA', 'counrty': 'Italy'}, {'name': 'Pedro Ribeiro', 'role': 'ASSISTANT_REFEREE_TWO', 'name_short': 'Pedro Ribeiro', 'gender': 'MALE', 'counrty_code': 'POR', 'counrty': 'Portugal'}, {'name': 'Artur Soares Dias', 'role': 'REFEREE', 'name_short': 'Soares Dias', 'gender': 'MALE', 'counrty_code': 'POR', 'counrty': 'Portugal'}, {'name': 'Alejandro Hernández', 'role': 'ASSISTANT_VIDEO_ASSISTANT_REFEREE_ONE', 'name_short': 'Hernández', 'gender': 'MALE', 'counrty_code': 'ESP', 'counrty': 'Spain'}, {'name': 'Tiago Martins', 'role': 'VIDEO_ASSISTANT_REFEREE', 'name_short': 'Martins', 'gender': 'MALE', 'counrty_code': 'POR', 'counrty': 'Portugal'}, {'name': 'Paulo Soares', 'role': 'ASSISTANT_REFEREE_ONE', 'name_short': 'Soares', 'gender': 'MALE', 'counrty_code': 'POR', 'counrty': 'Portugal'}, {'name': 'Konul Mehtiyeva', 'role': 'UEFA_DELEGATE', 'name_short': 'Mehtiyeva', 'gender': 'FEMALE', 'counrty_code': 'AZE', 'counrty': 'Azerbaijan'}, {'name': 'Juan Martínez Munuera', 'role': 'ASSISTANT_VIDEO_ASSISTANT_REFEREE_TWO', 'name_short': 'Martínez Munuera', 'gender': 'MALE', 'counrty_code': 'ESP', 'counrty': 'Spain'}]",Frankfurt am Main,Frankfurt Arena,Frankfurt Stadion,Frankfurt Stadion,Frankfurt Arena,Deutsche Bank Park
2036177,Slovenia,Serbia,SVN,SRB,,,,,,,,,2024,2024-06-20,2024-06-20T13:00:00Z,2.0,Group C,MD2,,,,,,UPCOMING,GROUP_STAGE,GROUP_STANDINGS,GROUP,,85441,GER,75000.0,48.2187944,11.6247306,105.0,68.0,,,,,"[{'name': 'Rob Dieperink', 'role': 'ASSISTANT_VIDEO_ASSISTANT_REFEREE_ONE', 'name_short': 'Dieperink', 'gender': 'MALE', 'counrty_code': 'NED', 'counrty': 'Netherlands'}, {'name': 'Ovidiu Artene', 'role': 'ASSISTANT_REFEREE_TWO', 'name_short': 'Artene', 'gender': 'MALE', 'counrty_code': 'ROU', 'counrty': 'Romania'}, {'name': 'Marco Fritz', 'role': 'ASSISTANT_VIDEO_ASSISTANT_REFEREE_TWO', 'name_short': 'Fritz', 'gender': 'MALE', 'counrty_code': 'GER', 'counrty': 'Germany'}, {'name': 'David Fernández Borbalán', 'role': 'REFEREE_OBSERVER', 'name_short': 'Fernández Borbalán', 'gender': 'MALE', 'counrty_code': 'ESP', 'counrty': 'Spain'}, {'name': 'István Kovács', 'role': 'REFEREE', 'name_short': 'Kovács', 'gender': 'MALE', 'counrty_code': 'ROU', 'counrty': 'Romania'}, {'name': 'Espen Eskås', 'role': 'FOURTH_OFFICIAL', 'name_short': 'Eskås', 'gender': 'MALE', 'counrty_code': 'NOR', 'counrty': 'Norway'}, {'name': 'Vasile Marinescu', 'role': 'ASSISTANT_REFEREE_ONE', 'name_short': 'Marinescu', 'gender': 'MALE', 'counrty_code': 'ROU', 'counrty': 'Romania'}, {'name': 'Pol van Boekel', 'role': 'VIDEO_ASSISTANT_REFEREE', 'name_short': 'van Boekel', 'gender': 'MALE', 'counrty_code': 'NED', 'counrty': 'Netherlands'}, {'name': 'Arturs Gaidels', 'role': 'UEFA_DELEGATE', 'name_short': 'Gaidels', 'gender': 'MALE', 'counrty_code': 'LVA', 'counrty': 'Latvia'}]",Munich,Munich Football Arena,Football Arena Munich,Fußball Arena München,Munich Football Arena,Allianz Arena
2036174,Scotland,Switzerland,SCO,SUI,,,,,,,,,2024,2024-06-19,2024-06-19T19:00:00Z,2.0,Group A,MD2,,,,,,UPCOMING,GROUP_STAGE,GROUP_STANDINGS,GROUP,,52864,GER,45134.0,50.9335056,6.8749944,105.0,68.0,,,,,"[{'name': 'Bartosz Frankowski', 'role': 'ASSISTANT_VIDEO_ASSISTANT_REFEREE_ONE', 'name_short': 'Frankowski', 'gender': 'MALE', 'counrty_code': 'POL', 'counrty': 'Poland'}, {'name': 'Irfan Peljto', 'role': 'FOURTH_OFFICIAL', 'name_short': 'Peljto', 'gender': 'MALE', 'counrty_code': 'BIH', 'counrty': 'Bosnia and Herzegovina'}, {'name': 'Jan Pozor', 'role': 'ASSISTANT_REFEREE_TWO', 'name_short': 'Pozor', 'gender': 'MALE', 'counrty_code': 'SVK', 'counrty': 'Slovakia'}, {'name': 'Nejc Kajtazovic', 'role': 'ASSISTANT_VIDEO_ASSISTANT_REFEREE_TWO', 'name_short': 'Kajtazovic', 'gender': 'MALE', 'counrty_code': 'SVN', 'counrty': 'Slovenia'}, {'name': 'Costas Kapitanis', 'role': 'REFEREE_OBSERVER', 'name_short': 'Kapitanis', 'gender': 'MALE', 'counrty_code': 'CYP', 'counrty': 'Cyprus'}, {'name': 'Branislav Hancko', 'role': 'ASSISTANT_REFEREE_ONE', 'name_short': 'Hancko', 'gender': 'MALE', 'counrty_code': 'SVK', 'counrty': 'Slovakia'}, {'name': 'Paolo Rondelli', 'role': 'UEFA_DELEGATE', 'name_short': 'Rondelli', 'gender': 'MALE', 'counrty_code': 'SMR', 'counrty': 'San Marino'}, {'name': 'Ivan Kružliak', 'role': 'REFEREE', 'name_short': 'Kružliak', 'gender': 'MALE', 'counrty_code': 'SVK', 'counrty': 'Slovakia'}, {'name': 'Tomasz Kwiatkowski', 'role': 'VIDEO_ASSISTANT_REFEREE', 'name_short': 'Kwiatkowski', 'gender': 'MALE', 'counrty_code': 'POL', 'counrty': 'Poland'}]",Cologne,Cologne Stadium,RheinEnergieStadion,Stadion Köln,Cologne Stadium,RheinEnergieStadion
2036173,Germany,Hungary,GER,HUN,0.0,0.0,,,0.0,0.0,,,2024,2024-06-19,2024-06-19T16:00:00Z,2.0,Group A,MD2,63.0,SOFT,24.0,PARTLY_CLOUDY,15.0,LIVE,GROUP_STAGE,GROUP_STANDINGS,GROUP,,53101,GER,54697.0,48.7922694,9.2320083,105.0,68.0,,,,,"[{'name': 'Serdar Gözübüyük', 'role': 'FOURTH_OFFICIAL', 'name_short': 'Gözübüyük', 'gender': 'MALE', 'counrty_code': 'NED', 'counrty': 'Netherlands'}, {'name': 'Stuart Attwell', 'role': 'ASSISTANT_VIDEO_ASSISTANT_REFEREE_TWO', 'name_short': 'Attwell', 'gender': 'MALE', 'counrty_code': 'ENG', 'counrty': 'England'}, {'name': 'Jan de Vries', 'role': 'ASSISTANT_REFEREE_TWO', 'name_short': 'De Vries', 'gender': 'MALE', 'counrty_code': 'NED', 'counrty': 'Netherlands'}, {'name': 'Rob Dieperink', 'role': 'VIDEO_ASSISTANT_REFEREE', 'name_short': 'Dieperink', 'gender': 'MALE', 'counrty_code': 'NED', 'counrty': 'Netherlands'}, {'name': 'Danny Makkelie', 'role': 'REFEREE', 'name_short': 'Makkelie', 'gender': 'MALE', 'counrty_code': 'NED', 'counrty': 'Netherlands'}, {'name': 'Per Svärd', 'role': 'UEFA_DELEGATE', 'name_short': 'Svärd', 'gender': 'MALE', 'counrty_code': 'SWE', 'counrty': 'Sweden'}, {'name': 'Hessel Steegstra', 'role': 'ASSISTANT_REFEREE_ONE', 'name_short': 'Steegstra', 'gender': 'MALE', 'counrty_code': 'NED', 'counrty': 'Netherlands'}, {'name': 'Pol van Boekel', 'role': 'ASSISTANT_VIDEO_ASSISTANT_REFEREE_ONE', 'name_short': 'van Boekel', 'gender': 'MALE', 'counrty_code': 'NED', 'counrty': 'Netherlands'}, {'name': 'Tomasz Mikulski', 'role': 'REFEREE_OBSERVER', 'name_short': 'Mikulski', 'gender': 'MALE', 'counrty_code': 'POL', 'counrty': 'Poland'}]",Stuttgart,Stuttgart Arena,Mercedes-Benz-Arena,Arena Stuttgart,Stuttgart Arena,Mercedes-Benz Arena
2036176,Croatia,Albania,CRO,ALB,2.0,2.0,,,2.0,2.0,,DRAW,2024,2024-06-19,2024-06-19T13:00:00Z,2.0,Group B,MD2,58.0,EXCELLENT,19.0,PARTLY_CLOUDY,20.0,FINISHED,GROUP_STAGE,GROUP_STANDINGS,GROUP,46784.0,53103,GER,51831.0,53.5871556,9.8985528,105.0,68.0,"[{'phase': 'FIRST_HALF', 'time': {'minute': 11, 'second': 15}, 'international_name': 'Qazim Laçi', 'club_shirt_name': 'Laci', 'country_code': 'ALB', 'national_field_position': 'MIDFIELDER', 'national_jersey_number': '14', 'goal_type': 'SCORED'}, {'phase': 'SECOND_HALF', 'time': {'minute': 74, 'second': 19}, 'international_name': 'Andrej Kramarić', 'club_shirt_name': 'Kramarić', 'country_code': 'CRO', 'national_field_position': 'FORWARD', 'national_jersey_number': '9', 'goal_type': 'SCORED'}, {'phase': 'SECOND_HALF', 'time': {'minute': 76, 'second': 48}, 'international_name': 'Klaus Gjasula', 'club_shirt_name': 'Gjasula', 'country_code': 'ALB', 'national_field_position': 'MIDFIELDER', 'national_jersey_number': '8', 'goal_type': 'OWN'}, {'phase': 'SECOND_HALF', 'time': {'injuryMinute': 5, 'minute': 90, 'second': 23}, 'international_name': 'Klaus Gjasula', 'club_shirt_name': 'Gjasula', 'country_code': 'ALB', 'national_field_position': 'MIDFIELDER', 'national_jersey_number': '8', 'goal_type': 'SCORED'}]",,,,"[{'name': 'Cyril Mugnier', 'role': 'ASSISTANT_REFEREE_ONE', 'name_short': 'Mugnier', 'gender': 'MALE', 'counrty_code': 'FRA', 'counrty': 'France'}, {'name': 'Jérôme Brisard', 'role': 'ASSISTANT_VIDEO_ASSISTANT_REFEREE_ONE', 'name_short': 'Brisard', 'gender': 'MALE', 'counrty_code': 'FRA', 'counrty': 'France'}, {'name': 'Mehdi Rahmouni', 'role': 'ASSISTANT_REFEREE_TWO', 'name_short': 'Rahmouni', 'gender': 'MALE', 'counrty_code': 'FRA', 'counrty': 'France'}, {'name': 'Bastian Dankert', 'role': 'ASSISTANT_VIDEO_ASSISTANT_REFEREE_TWO', 'name_short': 'Dankert', 'gender': 'MALE', 'counrty_code': 'GER', 'counrty': 'Germany'}, {'name': 'Mark Evans', 'role': 'UEFA_DELEGATE', 'name_short': 'Evans', 'gender': 'MALE', 'counrty_code': 'WAL', 'counrty': 'Wales'}, {'name': 'Willy Delajod', 'role': 'VIDEO_ASSISTANT_REFEREE', 'name_short': 'Delajod', 'gender': 'MALE', 'counrty_code': 'FRA', 'counrty': 'France'}, {'name': 'Darko Čeferin', 'role': 'REFEREE_OBSERVER', 'name_short': 'Čeferin', 'gender': 'MALE', 'counrty_code': 'SVN', 'counrty': 'Slovenia'}, {'name': 'Sandro Schärer', 'role': 'FOURTH_OFFICIAL', 'name_short': 'Schärer', 'gender': 'MALE', 'counrty_code': 'SUI', 'counrty': 'Switzerland'}, {'name': 'François Letexier', 'role': 'REFEREE', 'name_short': 'Letexier', 'gender': 'MALE', 'counrty_code': 'FRA', 'counrty': 'France'}]",Hamburg,Volksparkstadion,Volksparkstadion,Volksparkstadion,Volksparkstadion,Volksparkstadion
2036172,Portugal,Czechia,POR,CZE,2.0,1.0,,,2.0,1.0,Portugal,WIN_REGULAR,2024,2024-06-18,2024-06-18T19:00:00Z,2.0,Group F,MD1,,,,,,FINISHED,GROUP_STAGE,GROUP_STANDINGS,GROUP,38421.0,85442,GER,42146.0,51.3457333,12.3481806,105.0,68.0,"[{'phase': 'SECOND_HALF', 'time': {'minute': 62, 'second': 31}, 'international_name': 'Lukáš Provod', 'club_shirt_name': 'Provod', 'country_code': 'CZE', 'national_field_position': 'MIDFIELDER', 'national_jersey_number': '14', 'goal_type': 'SCORED'}, {'phase': 'SECOND_HALF', 'time': {'minute': 69, 'second': 51}, 'international_name': 'Robin Hranáč', 'club_shirt_name': 'Hranáč', 'country_code': 'CZE', 'national_field_position': 'DEFENDER', 'national_jersey_number': '4', 'goal_type': 'OWN'}, {'phase': 'SECOND_HALF', 'time': {'injuryMinute': 2, 'minute': 90, 'second': 14}, 'international_name': 'Francisco Conceição', 'club_shirt_name': 'F. Conceição', 'country_code': 'POR', 'national_field_position': 'FORWARD', 'national_jersey_number': '26', 'goal_type': 'SCORED'}]",,,,"[{'name': 'Giorgio Peretti', 'role': 'ASSISTANT_REFEREE_TWO', 'name_short': 'Peretti', 'gender': 'MALE', 'counrty_code': 'ITA', 'counrty': 'Italy'}, {'name': 'Paul Lyon', 'role': 'UEFA_DELEGATE', 'name_short': 'Lyon', 'gender': 'MALE', 'counrty_code': 'GIB', 'counrty': 'Gibraltar'}, {'name': 'Kyros Vassaras', 'role': 'REFEREE_OBSERVER', 'name_short': 'Vassaras', 'gender': 'MALE', 'counrty_code': 'GRE', 'counrty': 'Greece'}, {'name': 'Filippo Meli', 'role': 'ASSISTANT_REFEREE_ONE', 'name_short': 'Meli', 'gender': 'MALE', 'counrty_code': 'ITA', 'counrty': 'Italy'}, {'name': 'Paolo Valeri', 'role': 'ASSISTANT_VIDEO_ASSISTANT_REFEREE_ONE', 'name_short': 'Valeri', 'gender': 'MALE', 'counrty_code': 'ITA', 'counrty': 'Italy'}, {'name': 'Massimiliano Irrati', 'role': 'VIDEO_ASSISTANT_REFEREE', 'name_short': 'Irrati', 'gender': 'MALE', 'counrty_code': 'ITA', 'counrty': 'Italy'}, {'name': 'Marco Guida', 'role': 'REFEREE', 'name_short': 'Guida', 'gender': 'MALE', 'counrty_code': 'ITA', 'counrty': 'Italy'}, {'name': 'Fedayi San', 'role': 'ASSISTANT_VIDEO_ASSISTANT_REFEREE_TWO', 'name_short': 'San', 'gender': 'MALE', 'counrty_code': 'SUI', 'counrty': 'Switzerland'}, {'name': 'Rade Obrenovic', 'role': 'FOURTH_OFFICIAL', 'name_short': 'Obrenovic', 'gender': 'MALE', 'counrty_code': 'SVN', 'counrty': 'Slovenia'}]",Leipzig,Leipzig Stadium,RB Arena,RB Arena,Leipzig Stadium,Red Bull Arena
2036171,Türkiye,Georgia,TUR,GEO,3.0,1.0,,,3.0,1.0,Türkiye,WIN_REGULAR,2024,2024-06-18,2024-06-18T16:00:00Z,2.0,Group F,MD1,,,,,,FINISHED,GROUP_STAGE,GROUP_STANDINGS,GROUP,59127.0,57798,GER,81365.0,51.4925889,7.4517722,105.0,68.0,"[{'phase': 'FIRST_HALF', 'time': {'minute': 25, 'second': 59}, 'international_name': 'Mert Müldür', 'club_shirt_name': 'MERT', 'country_code': 'TUR', 'national_field_position': 'DEFENDER', 'national_jersey_number': '18', 'goal_type': 'SCORED'}, {'phase': 'FIRST_HALF', 'time': {'minute': 32, 'second': 45}, 'international_name': 'Georges Mikautadze', 'club_shirt_name': 'Mikautadze', 'country_code': 'GEO', 'national_field_position': 'FORWARD', 'national_jersey_number': '22', 'goal_type': 'SCORED'}, {'phase': 'SECOND_HALF', 'time': {'minute': 65, 'second': 56}, 'international_name': 'Arda Güler', 'club_shirt_name': 'ARDA GÜLER', 'country_code': 'TUR', 'national_field_position': 'FORWARD', 'national_jersey_number': '8', 'goal_type': 'SCORED'}, {'phase': 'SECOND_HALF', 'time': {'injuryMinute': 7, 'minute': 90, 'second': 31}, 'international_name': 'Kerem Aktürkoğlu', 'club_shirt_name': 'AKTÜRKOĞLU', 'country_code': 'TUR', 'national_field_position': 'FORWARD', 'national_jersey_number': '7', 'goal_type': 'SCORED'}]",,,,"[{'name': 'Alejandro Hernández', 'role': 'VIDEO_ASSISTANT_REFEREE', 'name_short': 'Hernández', 'gender': 'MALE', 'counrty_code': 'ESP', 'counrty': 'Spain'}, {'name': 'Facundo Tello', 'role': 'REFEREE', 'name_short': 'Tello', 'gender': 'MALE', 'counrty_code': 'ARG', 'counrty': 'Argentina'}, {'name': 'Peter Lundström', 'role': 'UEFA_DELEGATE', 'name_short': 'Lundström', 'gender': 'MALE', 'counrty_code': 'FIN', 'counrty': 'Finland'}, {'name': 'David Coote', 'role': 'ASSISTANT_VIDEO_ASSISTANT_REFEREE_TWO', 'name_short': 'Coote', 'gender': 'MALE', 'counrty_code': 'ENG', 'counrty': 'England'}, {'name': 'Juan Martínez Munuera', 'role': 'ASSISTANT_VIDEO_ASSISTANT_REFEREE_ONE', 'name_short': 'Martínez Munuera', 'gender': 'MALE', 'counrty_code': 'ESP', 'counrty': 'Spain'}, {'name': 'Ezequiel Brailovsky', 'role': 'ASSISTANT_REFEREE_TWO', 'name_short': 'Brailovsky', 'gender': 'MALE', 'counrty_code': 'ARG', 'counrty': 'Argentina'}, {'name': 'Gabriel Chade', 'role': 'ASSISTANT_REFEREE_ONE', 'name_short': 'Chade', 'gender': 'MALE', 'counrty_code': 'ARG', 'counrty': 'Argentina'}, {'name': 'Donatas Rumšas', 'role': 'FOURTH_OFFICIAL', 'name_short': 'Rumšas', 'gender': 'MALE', 'counrty_code': 'LTU', 'counrty': 'Lithuania'}, {'name': 'Howard Webb', 'role': 'REFEREE_OBSERVER', 'name_short': 'Webb', 'gender': 'MALE', 'counrty_code': 'ENG', 'counrty': 'England'}]",Dortmund,BVB Stadion Dortmund,BVB Stadion Dortmund,BVB Stadion Dortmund,BVB Stadion Dortmund,Signal Iduna Park
2036168,Austria,France,AUT,FRA,0.0,1.0,,,0.0,1.0,France,WIN_REGULAR,2024,2024-06-17,2024-06-17T19:00:00Z,2.0,Group D,MD1,,,,,,FINISHED,GROUP_STAGE,GROUP_STANDINGS,GROUP,46425.0,1100174,GER,44559.0,51.260304,6.732731,105.0,68.0,"[{'phase': 'FIRST_HALF', 'time': {'minute': 38, 'second': 31}, 'international_name': 'Maximilian Wöber', 'club_shirt_name': 'Wöber', 'country_code': 'AUT', 'national_field_position': 'DEFENDER', 'national_jersey_number': '2', 'goal_type': 'OWN'}]",,,,"[{'name': 'Mykola Balakin', 'role': 'FOURTH_OFFICIAL', 'name_short': 'Balakin', 'gender': 'MALE', 'counrty_code': 'UKR', 'counrty': 'Ukraine'}, {'name': 'Hugh Dallas', 'role': 'REFEREE_OBSERVER', 'name_short': 'Dallas', 'gender': 'MALE', 'counrty_code': '', 'counrty': ''}, {'name': 'Diego Barbero', 'role': 'ASSISTANT_REFEREE_ONE', 'name_short': 'Barbero', 'gender': 'MALE', 'counrty_code': 'ESP', 'counrty': 'Spain'}, {'name': 'Ángel Nevado', 'role': 'ASSISTANT_REFEREE_TWO', 'name_short': 'Nevado', 'gender': 'MALE', 'counrty_code': 'ESP', 'counrty': 'Spain'}, {'name': 'Juan Martínez Munuera', 'role': 'VIDEO_ASSISTANT_REFEREE', 'name_short': 'Martínez Munuera', 'gender': 'MALE', 'counrty_code': 'ESP', 'counrty': 'Spain'}, {'name': 'Jesús Gil Manzano', 'role': 'REFEREE', 'name_short': 'Gil Manzano', 'gender': 'MALE', 'counrty_code': 'ESP', 'counrty': 'Spain'}, {'name': 'Tiago Martins', 'role': 'ASSISTANT_VIDEO_ASSISTANT_REFEREE_TWO', 'name_short': 'Martins', 'gender': 'MALE', 'counrty_code': 'POR', 'counrty': 'Portugal'}, {'name': 'Adrian Ixari', 'role': 'UEFA_DELEGATE', 'name_short': 'Ixari', 'gender': 'MALE', 'counrty_code': 'MDA', 'counrty': 'Moldova'}, {'name': 'Alejandro Hernández', 'role': 'ASSISTANT_VIDEO_ASSISTANT_REFEREE_ONE', 'name_short': 'Hernández', 'gender': 'MALE', 'counrty_code': 'ESP', 'counrty': 'Spain'}]",Dusseldorf,Düsseldorf Arena,Düsseldorf Arena,Düsseldorf Arena,Düsseldorf Arena,ESPRIT arena
2036169,Belgium,Slovakia,BEL,SVK,0.0,1.0,,,0.0,1.0,Slovakia,WIN_REGULAR,2024,2024-06-17,2024-06-17T16:00:00Z,2.0,Group E,MD1,,,,,,FINISHED,GROUP_STAGE,GROUP_STANDINGS,GROUP,45181.0,85690,GER,49474.0,50.0685861,8.6454556,105.0,68.0,"[{'phase': 'FIRST_HALF', 'time': {'minute': 7, 'second': 5}, 'international_name': 'Ivan Schranz', 'club_shirt_name': 'Schranz', 'country_code': 'SVK', 'national_field_position': 'FORWARD', 'national_jersey_number': '26', 'goal_type': 'SCORED'}]",,,,"[{'name': 'Umut Meler', 'role': 'REFEREE', 'name_short': 'Meler', 'gender': 'MALE', 'counrty_code': 'TUR', 'counrty': 'Türkiye'}, {'name': 'Marco Fritz', 'role': 'ASSISTANT_VIDEO_ASSISTANT_REFEREE_TWO', 'name_short': 'Fritz', 'gender': 'MALE', 'counrty_code': 'GER', 'counrty': 'Germany'}, {'name': 'Bastian Dankert', 'role': 'VIDEO_ASSISTANT_REFEREE', 'name_short': 'Dankert', 'gender': 'MALE', 'counrty_code': 'GER', 'counrty': 'Germany'}, {'name': 'Konul Mehtiyeva', 'role': 'UEFA_DELEGATE', 'name_short': 'Mehtiyeva', 'gender': 'FEMALE', 'counrty_code': 'AZE', 'counrty': 'Azerbaijan'}, {'name': 'Kerem Ersoy', 'role': 'ASSISTANT_REFEREE_TWO', 'name_short': 'Kerem Ersoy', 'gender': 'MALE', 'counrty_code': 'TUR', 'counrty': 'Türkiye'}, {'name': 'Alper Ulusoy', 'role': 'ASSISTANT_VIDEO_ASSISTANT_REFEREE_ONE', 'name_short': 'Ulusoy', 'gender': 'MALE', 'counrty_code': 'TUR', 'counrty': 'Türkiye'}, {'name': 'Serdar Gözübüyük', 'role': 'FOURTH_OFFICIAL', 'name_short': 'Gözübüyük', 'gender': 'MALE', 'counrty_code': 'NED', 'counrty': 'Netherlands'}, {'name': 'Emre Eyisoy', 'role': 'ASSISTANT_REFEREE_ONE', 'name_short': 'Eyisoy', 'gender': 'MALE', 'counrty_code': 'TUR', 'counrty': 'Türkiye'}, {'name': 'Nicola Rizzoli', 'role': 'REFEREE_OBSERVER', 'name_short': 'Rizzoli', 'gender': 'MALE', 'counrty_code': 'ITA', 'counrty': 'Italy'}]",Frankfurt am Main,Frankfurt Arena,Frankfurt Stadion,Frankfurt Stadion,Frankfurt Arena,Deutsche Bank Park
2036170,Romania,Ukraine,ROU,UKR,3.0,0.0,,,3.0,0.0,Romania,WIN_REGULAR,2024,2024-06-17,2024-06-17T13:00:00Z,2.0,Group E,MD1,,,,,,FINISHED,GROUP_STAGE,GROUP_STANDINGS,GROUP,61591.0,85441,GER,75000.0,48.2187944,11.6247306,105.0,68.0,"[{'phase': 'FIRST_HALF', 'time': {'minute': 29, 'second': 47}, 'international_name': 'Nicolae Stanciu', 'club_shirt_name': 'Stanciu', 'country_code': 'ROU', 'national_field_position': 'MIDFIELDER', 'national_jersey_number': '21', 'goal_type': 'SCORED'}, {'phase': 'SECOND_HALF', 'time': {'minute': 53, 'second': 25}, 'international_name': 'Răzvan Marin', 'club_shirt_name': 'Marin', 'country_code': 'ROU', 'national_field_position': 'MIDFIELDER', 'national_jersey_number': '18', 'goal_type': 'SCORED'}, {'phase': 'SECOND_HALF', 'time': {'minute': 57, 'second': 28}, 'international_name': 'Denis Drăguş', 'club_shirt_name': 'Drăguș', 'country_code': 'ROU', 'national_field_position': 'FORWARD', 'national_jersey_number': '19', 'goal_type': 'SCORED'}]",,,,"[{'name': 'Espen Eskås', 'role': 'FOURTH_OFFICIAL', 'name_short': 'Eskås', 'gender': 'MALE', 'counrty_code': 'NOR', 'counrty': 'Norway'}, {'name': 'Rob Dieperink', 'role': 'VIDEO_ASSISTANT_REFEREE', 'name_short': 'Dieperink', 'gender': 'MALE', 'counrty_code': 'NED', 'counrty': 'Netherlands'}, {'name': 'David Fernández Borbalán', 'role': 'REFEREE_OBSERVER', 'name_short': 'Fernández Borbalán', 'gender': 'MALE', 'counrty_code': 'ESP', 'counrty': 'Spain'}, {'name': 'Andreas Söderqvist', 'role': 'ASSISTANT_REFEREE_TWO', 'name_short': 'Söderqvist', 'gender': 'MALE', 'counrty_code': 'SWE', 'counrty': 'Sweden'}, {'name': 'Jérôme Brisard', 'role': 'ASSISTANT_VIDEO_ASSISTANT_REFEREE_TWO', 'name_short': 'Brisard', 'gender': 'MALE', 'counrty_code': 'FRA', 'counrty': 'France'}, {'name': 'Arturs Gaidels', 'role': 'UEFA_DELEGATE', 'name_short': 'Gaidels', 'gender': 'MALE', 'counrty_code': 'LVA', 'counrty': 'Latvia'}, {'name': 'Glenn Nyberg', 'role': 'REFEREE', 'name_short': 'Nyberg', 'gender': 'MALE', 'counrty_code': 'SWE', 'counrty': 'Sweden'}, {'name': 'Pol van Boekel', 'role': 'ASSISTANT_VIDEO_ASSISTANT_REFEREE_ONE', 'name_short': 'van Boekel', 'gender': 'MALE', 'counrty_code': 'NED', 'counrty': 'Netherlands'}, {'name': 'Mahbod Beigi', 'role': 'ASSISTANT_REFEREE_ONE', 'name_short': 'Beigi', 'gender': 'MALE', 'counrty_code': 'SWE', 'counrty': 'Sweden'}]",Munich,Munich Football Arena,Football Arena Munich,Fußball Arena München,Munich Football Arena,Allianz Arena
2036166,Serbia,England,SRB,ENG,0.0,1.0,,,0.0,1.0,England,WIN_REGULAR,2024,2024-06-16,2024-06-16T19:00:00Z,2.0,Group C,MD1,,,,,,FINISHED,GROUP_STAGE,GROUP_STANDINGS,GROUP,48953.0,79089,GER,54740.0,51.5545417,7.0675694,105.0,68.0,"[{'phase': 'FIRST_HALF', 'time': {'minute': 13, 'second': 11}, 'international_name': 'Jude Bellingham', 'club_shirt_name': 'BELLINGHAM', 'country_code': 'ENG', 'national_field_position': 'MIDFIELDER', 'national_jersey_number': '10', 'goal_type': 'SCORED'}]",,,,"[{'name': 'Ivan Kružliak', 'role': 'FOURTH_OFFICIAL', 'name_short': 'Kružliak', 'gender': 'MALE', 'counrty_code': 'SVK', 'counrty': 'Slovakia'}, {'name': 'Paolo Valeri', 'role': 'ASSISTANT_VIDEO_ASSISTANT_REFEREE_ONE', 'name_short': 'Valeri', 'gender': 'MALE', 'counrty_code': 'ITA', 'counrty': 'Italy'}, {'name': 'Daniele Orsato', 'role': 'REFEREE', 'name_short': 'Orsato', 'gender': 'MALE', 'counrty_code': 'ITA', 'counrty': 'Italy'}, {'name': 'Massimiliano Irrati', 'role': 'VIDEO_ASSISTANT_REFEREE', 'name_short': 'Irrati', 'gender': 'MALE', 'counrty_code': 'ITA', 'counrty': 'Italy'}, {'name': 'Alessandro Giallatini', 'role': 'ASSISTANT_REFEREE_TWO', 'name_short': 'Giallatini', 'gender': 'MALE', 'counrty_code': 'ITA', 'counrty': 'Italy'}, {'name': 'Cătălin Popa', 'role': 'ASSISTANT_VIDEO_ASSISTANT_REFEREE_TWO', 'name_short': 'Popa', 'gender': 'MALE', 'counrty_code': 'ROU', 'counrty': 'Romania'}, {'name': 'Ciro Carbone', 'role': 'ASSISTANT_REFEREE_ONE', 'name_short': 'Carbone', 'gender': 'MALE', 'counrty_code': 'ITA', 'counrty': 'Italy'}, {'name': 'Iveta Bankova', 'role': 'UEFA_DELEGATE', 'name_short': 'Bankova', 'gender': 'FEMALE', 'counrty_code': 'BUL', 'counrty': 'Bulgaria'}, {'name': 'Frank De Bleeckere', 'role': 'REFEREE_OBSERVER', 'name_short': 'De Bleeckere', 'gender': 'MALE', 'counrty_code': 'BEL', 'counrty': 'Belgium'}]",Gelsenkirchen,Arena AufSchalke,Arena AufSchalke,Arena AufSchalke,Arena AufSchalke,Veltins Arena
2036165,Slovenia,Denmark,SVN,DEN,1.0,1.0,,,1.0,1.0,,DRAW,2024,2024-06-16,2024-06-16T16:00:00Z,2.0,Group C,MD1,,,,,,FINISHED,GROUP_STAGE,GROUP_STANDINGS,GROUP,54000.0,53101,GER,54697.0,48.7922694,9.2320083,105.0,68.0,"[{'phase': 'FIRST_HALF', 'time': {'minute': 17, 'second': 36}, 'international_name': 'Christian Eriksen', 'club_shirt_name': 'Eriksen', 'country_code': 'DEN', 'national_field_position': 'MIDFIELDER', 'national_jersey_number': '10', 'goal_type': 'SCORED'}, {'phase': 'SECOND_HALF', 'time': {'minute': 77, 'second': 28}, 'international_name': 'Erik Janža', 'club_shirt_name': 'Janža', 'country_code': 'SVN', 'national_field_position': 'DEFENDER', 'national_jersey_number': '13', 'goal_type': 'SCORED'}]",,,,"[{'name': 'Bekim Zogaj', 'role': 'ASSISTANT_REFEREE_TWO', 'name_short': 'Zogaj', 'gender': 'MALE', 'counrty_code': 'SUI', 'counrty': 'Switzerland'}, {'name': 'Tomasz Mikulski', 'role': 'REFEREE_OBSERVER', 'name_short': 'Mikulski', 'gender': 'MALE', 'counrty_code': 'POL', 'counrty': 'Poland'}, {'name': 'Sandro Schärer', 'role': 'REFEREE', 'name_short': 'Schärer', 'gender': 'MALE', 'counrty_code': 'SUI', 'counrty': 'Switzerland'}, {'name': 'Tomasz Kwiatkowski', 'role': 'ASSISTANT_VIDEO_ASSISTANT_REFEREE_TWO', 'name_short': 'Kwiatkowski', 'gender': 'MALE', 'counrty_code': 'POL', 'counrty': 'Poland'}, {'name': 'Fedayi San', 'role': 'VIDEO_ASSISTANT_REFEREE', 'name_short': 'San', 'gender': 'MALE', 'counrty_code': 'SUI', 'counrty': 'Switzerland'}, {'name': 'Stéphane De Almeida', 'role': 'ASSISTANT_REFEREE_ONE', 'name_short': 'De Almeida', 'gender': 'MALE', 'counrty_code': 'SUI', 'counrty': 'Switzerland'}, {'name': 'Per Svärd', 'role': 'UEFA_DELEGATE', 'name_short': 'Svärd', 'gender': 'MALE', 'counrty_code': 'SWE', 'counrty': 'Sweden'}, {'name': 'Bartosz Frankowski', 'role': 'ASSISTANT_VIDEO_ASSISTANT_REFEREE_ONE', 'name_short': 'Frankowski', 'gender': 'MALE', 'counrty_code': 'POL', 'counrty': 'Poland'}, {'name': 'Donatas Rumšas', 'role': 'FOURTH_OFFICIAL', 'name_short': 'Rumšas', 'gender': 'MALE', 'counrty_code': 'LTU', 'counrty': 'Lithuania'}]",Stuttgart,Stuttgart Arena,Mercedes-Benz-Arena,Arena Stuttgart,Stuttgart Arena,Mercedes-Benz Arena
2036167,Poland,Netherlands,POL,NED,1.0,2.0,,,1.0,2.0,Netherlands,WIN_REGULAR,2024,2024-06-16,2024-06-16T13:00:00Z,2.0,Group D,MD1,,,,,,FINISHED,GROUP_STAGE,GROUP_STANDINGS,GROUP,48117.0,53103,GER,51831.0,53.5871556,9.8985528,105.0,68.0,"[{'phase': 'FIRST_HALF', 'time': {'minute': 16, 'second': 50}, 'international_name': 'Adam Buksa', 'club_shirt_name': 'Buksa', 'country_code': 'POL', 'national_field_position': 'FORWARD', 'national_jersey_number': '16', 'goal_type': 'SCORED'}, {'phase': 'FIRST_HALF', 'time': {'minute': 29, 'second': 48}, 'international_name': 'Cody Gakpo', 'club_shirt_name': 'Gakpo', 'country_code': 'NED', 'national_field_position': 'FORWARD', 'national_jersey_number': '11', 'goal_type': 'SCORED'}, {'phase': 'SECOND_HALF', 'time': {'minute': 83, 'second': 42}, 'international_name': 'Wout Weghorst', 'club_shirt_name': 'Weghorst', 'country_code': 'NED', 'national_field_position': 'FORWARD', 'national_jersey_number': '9', 'goal_type': 'SCORED'}]",,,,"[{'name': 'Irfan Peljto', 'role': 'FOURTH_OFFICIAL', 'name_short': 'Peljto', 'gender': 'MALE', 'counrty_code': 'BIH', 'counrty': 'Bosnia and Herzegovina'}, {'name': 'Artur Soares Dias', 'role': 'REFEREE', 'name_short': 'Soares Dias', 'gender': 'MALE', 'counrty_code': 'POR', 'counrty': 'Portugal'}, {'name': 'Darko Čeferin', 'role': 'REFEREE_OBSERVER', 'name_short': 'Čeferin', 'gender': 'MALE', 'counrty_code': 'SVN', 'counrty': 'Slovenia'}, {'name': 'Pedro Ribeiro', 'role': 'ASSISTANT_REFEREE_TWO', 'name_short': 'Pedro Ribeiro', 'gender': 'MALE', 'counrty_code': 'POR', 'counrty': 'Portugal'}, {'name': 'Paulo Soares', 'role': 'ASSISTANT_REFEREE_ONE', 'name_short': 'Soares', 'gender': 'MALE', 'counrty_code': 'POR', 'counrty': 'Portugal'}, {'name': 'Marco Fritz', 'role': 'ASSISTANT_VIDEO_ASSISTANT_REFEREE_TWO', 'name_short': 'Fritz', 'gender': 'MALE', 'counrty_code': 'GER', 'counrty': 'Germany'}, {'name': 'Tiago Martins', 'role': 'VIDEO_ASSISTANT_REFEREE', 'name_short': 'Martins', 'gender': 'MALE', 'counrty_code': 'POR', 'counrty': 'Portugal'}, {'name': 'Christian Dingert', 'role': 'ASSISTANT_VIDEO_ASSISTANT_REFEREE_ONE', 'name_short': 'Dingert', 'gender': 'MALE', 'counrty_code': 'GER', 'counrty': 'Germany'}, {'name': 'Mark Evans', 'role': 'UEFA_DELEGATE', 'name_short': 'Evans', 'gender': 'MALE', 'counrty_code': 'WAL', 'counrty': 'Wales'}]",Hamburg,Volksparkstadion,Volksparkstadion,Volksparkstadion,Volksparkstadion,Volksparkstadion
2036164,Italy,Albania,ITA,ALB,2.0,1.0,,,2.0,1.0,Italy,WIN_REGULAR,2024,2024-06-15,2024-06-15T19:00:00Z,2.0,Group B,MD1,,,,,,FINISHED,GROUP_STAGE,GROUP_STANDINGS,GROUP,60512.0,57798,GER,81365.0,51.4925889,7.4517722,105.0,68.0,"[{'phase': 'FIRST_HALF', 'time': {'minute': 1, 'second': 23}, 'international_name': 'Nedim Bajrami', 'club_shirt_name': 'Bajrami', 'country_code': 'ALB', 'national_field_position': 'MIDFIELDER', 'national_jersey_number': '10', 'goal_type': 'SCORED'}, {'phase': 'FIRST_HALF', 'time': {'minute': 11, 'second': 15}, 'international_name': 'Alessandro Bastoni', 'club_shirt_name': 'Bastoni', 'country_code': 'ITA', 'national_field_position': 'DEFENDER', 'national_jersey_number': '23', 'goal_type': 'SCORED'}, {'phase': 'FIRST_HALF', 'time': {'minute': 16, 'second': 51}, 'international_name': 'Nicolò Barella', 'club_shirt_name': 'Barella', 'country_code': 'ITA', 'national_field_position': 'MIDFIELDER', 'national_jersey_number': '18', 'goal_type': 'SCORED'}]",,,,"[{'name': 'Christian Dingert', 'role': 'ASSISTANT_VIDEO_ASSISTANT_REFEREE_ONE', 'name_short': 'Dingert', 'gender': 'MALE', 'counrty_code': 'GER', 'counrty': 'Germany'}, {'name': 'Felix Zwayer', 'role': 'REFEREE', 'name_short': 'Zwayer', 'gender': 'MALE', 'counrty_code': 'GER', 'counrty': 'Germany'}, {'name': 'Stefan Lupp', 'role': 'ASSISTANT_REFEREE_ONE', 'name_short': 'Lupp', 'gender': 'MALE', 'counrty_code': 'GER', 'counrty': 'Germany'}, {'name': 'Marco Achmüller', 'role': 'ASSISTANT_REFEREE_TWO', 'name_short': 'Achmüller', 'gender': 'MALE', 'counrty_code': 'GER', 'counrty': 'Germany'}, {'name': 'Daniel Siebert', 'role': 'FOURTH_OFFICIAL', 'name_short': 'Siebert', 'gender': 'MALE', 'counrty_code': 'GER', 'counrty': 'Germany'}, {'name': 'Bastian Dankert', 'role': 'VIDEO_ASSISTANT_REFEREE', 'name_short': 'Dankert', 'gender': 'MALE', 'counrty_code': 'GER', 'counrty': 'Germany'}, {'name': 'Rob Dieperink', 'role': 'ASSISTANT_VIDEO_ASSISTANT_REFEREE_TWO', 'name_short': 'Dieperink', 'gender': 'MALE', 'counrty_code': 'NED', 'counrty': 'Netherlands'}, {'name': 'Howard Webb', 'role': 'REFEREE_OBSERVER', 'name_short': 'Webb', 'gender': 'MALE', 'counrty_code': 'ENG', 'counrty': 'England'}, {'name': 'Peter Lundström', 'role': 'UEFA_DELEGATE', 'name_short': 'Lundström', 'gender': 'MALE', 'counrty_code': 'FIN', 'counrty': 'Finland'}]",Dortmund,BVB Stadion Dortmund,BVB Stadion Dortmund,BVB Stadion Dortmund,BVB Stadion Dortmund,Signal Iduna Park
2036163,Spain,Croatia,ESP,CRO,3.0,0.0,,,3.0,0.0,Spain,WIN_REGULAR,2024,2024-06-15,2024-06-15T16:00:00Z,2.0,Group B,MD1,,,,,,FINISHED,GROUP_STAGE,GROUP_STANDINGS,GROUP,68844.0,62875,GER,74244.0,52.5147139,13.2393972,105.0,68.0,"[{'phase': 'FIRST_HALF', 'time': {'minute': 29, 'second': 8}, 'international_name': 'Álvaro Morata', 'club_shirt_name': 'MORATA', 'country_code': 'ESP', 'national_field_position': 'FORWARD', 'national_jersey_number': '7', 'goal_type': 'SCORED'}, {'phase': 'FIRST_HALF', 'time': {'minute': 32, 'second': 25}, 'international_name': 'Fabián Ruiz', 'club_shirt_name': 'Fabian', 'country_code': 'ESP', 'national_field_position': 'MIDFIELDER', 'national_jersey_number': '8', 'goal_type': 'SCORED'}, {'phase': 'FIRST_HALF', 'time': {'injuryMinute': 2, 'minute': 45, 'second': 55}, 'international_name': 'Dani Carvajal', 'club_shirt_name': 'CARVAJAL', 'country_code': 'ESP', 'national_field_position': 'DEFENDER', 'national_jersey_number': '2', 'goal_type': 'SCORED'}]","[{'phase': 'SECOND_HALF', 'time': {'minute': 80, 'second': 3}, 'international_name': 'Bruno Petković', 'club_shirt_name': 'Petković', 'country_code': 'CRO', 'national_field_position': 'FORWARD', 'national_jersey_number': '17', 'penalty_type': 'MISSED'}]",,,"[{'name': 'Stuart Attwell', 'role': 'VIDEO_ASSISTANT_REFEREE', 'name_short': 'Attwell', 'gender': 'MALE', 'counrty_code': 'ENG', 'counrty': 'England'}, {'name': 'Stuart Burt', 'role': 'ASSISTANT_REFEREE_ONE', 'name_short': 'Burt', 'gender': 'MALE', 'counrty_code': 'ENG', 'counrty': 'England'}, {'name': 'Pol van Boekel', 'role': 'ASSISTANT_VIDEO_ASSISTANT_REFEREE_TWO', 'name_short': 'van Boekel', 'gender': 'MALE', 'counrty_code': 'NED', 'counrty': 'Netherlands'}, {'name': 'David Coote', 'role': 'ASSISTANT_VIDEO_ASSISTANT_REFEREE_ONE', 'name_short': 'Coote', 'gender': 'MALE', 'counrty_code': 'ENG', 'counrty': 'England'}, {'name': 'Filip Popovski', 'role': 'UEFA_DELEGATE', 'name_short': 'Popovski', 'gender': 'MALE', 'counrty_code': 'MKD', 'counrty': 'North Macedonia'}, {'name': 'Anthony Taylor', 'role': 'FOURTH_OFFICIAL', 'name_short': 'Taylor', 'gender': 'MALE', 'counrty_code': 'ENG', 'counrty': 'England'}, {'name': 'Lutz Michael Fröhlich', 'role': 'REFEREE_OBSERVER', 'name_short': 'Fröhlich', 'gender': 'MALE', 'counrty_code': 'GER', 'counrty': 'Germany'}, {'name': 'Michael Oliver', 'role': 'REFEREE', 'name_short': 'Oliver', 'gender': 'MALE', 'counrty_code': 'ENG', 'counrty': 'England'}, {'name': 'Dan Cook', 'role': 'ASSISTANT_REFEREE_TWO', 'name_short': 'Cook', 'gender': 'MALE', 'counrty_code': 'ENG', 'counrty': 'England'}]",Berlin,Olympiastadion,Olympiastadion,Olympiastadion,Olympiastadion,Olympiastadion
2036162,Hungary,Switzerland,HUN,SUI,1.0,3.0,,,1.0,3.0,Switzerland,WIN_REGULAR,2024,2024-06-15,2024-06-15T13:00:00Z,2.0,Group A,MD1,,,,,,FINISHED,GROUP_STAGE,GROUP_STANDINGS,GROUP,41676.0,52864,GER,45134.0,50.9335056,6.8749944,105.0,68.0,"[{'phase': 'FIRST_HALF', 'time': {'minute': 12, 'second': 56}, 'international_name': 'Kwadwo Duah', 'club_shirt_name': 'DUAH', 'country_code': 'SUI', 'national_field_position': 'FORWARD', 'national_jersey_number': '18', 'goal_type': 'SCORED'}, {'phase': 'FIRST_HALF', 'time': {'minute': 45, 'second': 43}, 'international_name': 'Michel Aebischer', 'club_shirt_name': 'Aebischer', 'country_code': 'SUI', 'national_field_position': 'MIDFIELDER', 'national_jersey_number': '20', 'goal_type': 'SCORED'}, {'phase': 'SECOND_HALF', 'time': {'minute': 66, 'second': 25}, 'international_name': 'Barnabás Varga', 'club_shirt_name': 'Varga B.', 'country_code': 'HUN', 'national_field_position': 'FORWARD', 'national_jersey_number': '19', 'goal_type': 'SCORED'}, {'phase': 'SECOND_HALF', 'time': {'injuryMinute': 3, 'minute': 90, 'second': 41}, 'international_name': 'Breel Embolo', 'club_shirt_name': 'Embolo', 'country_code': 'SUI', 'national_field_position': 'FORWARD', 'national_jersey_number': '7', 'goal_type': 'SCORED'}]",,,,"[{'name': 'Paolo Rondelli', 'role': 'UEFA_DELEGATE', 'name_short': 'Rondelli', 'gender': 'MALE', 'counrty_code': 'SMR', 'counrty': 'San Marino'}, {'name': 'Slavko Vinčić', 'role': 'REFEREE', 'name_short': 'Vinčić', 'gender': 'MALE', 'counrty_code': 'SVN', 'counrty': 'Slovenia'}, {'name': 'Andraž Kovačič', 'role': 'ASSISTANT_REFEREE_TWO', 'name_short': 'Kovačič', 'gender': 'MALE', 'counrty_code': 'SVN', 'counrty': 'Slovenia'}, {'name': 'Rade Obrenovic', 'role': 'FOURTH_OFFICIAL', 'name_short': 'Obrenovic', 'gender': 'MALE', 'counrty_code': 'SVN', 'counrty': 'Slovenia'}, {'name': 'Nejc Kajtazovic', 'role': 'VIDEO_ASSISTANT_REFEREE', 'name_short': 'Kajtazovic', 'gender': 'MALE', 'counrty_code': 'SVN', 'counrty': 'Slovenia'}, {'name': 'Tomaž Klančnik', 'role': 'ASSISTANT_REFEREE_ONE', 'name_short': 'Klančnik', 'gender': 'MALE', 'counrty_code': 'SVN', 'counrty': 'Slovenia'}, {'name': 'Tomasz Kwiatkowski', 'role': 'ASSISTANT_VIDEO_ASSISTANT_REFEREE_TWO', 'name_short': 'Kwiatkowski', 'gender': 'MALE', 'counrty_code': 'POL', 'counrty': 'Poland'}, {'name': 'Bartosz Frankowski', 'role': 'ASSISTANT_VIDEO_ASSISTANT_REFEREE_ONE', 'name_short': 'Frankowski', 'gender': 'MALE', 'counrty_code': 'POL', 'counrty': 'Poland'}, {'name': 'Costas Kapitanis', 'role': 'REFEREE_OBSERVER', 'name_short': 'Kapitanis', 'gender': 'MALE', 'counrty_code': 'CYP', 'counrty': 'Cyprus'}]",Cologne,Cologne Stadium,RheinEnergieStadion,Stadion Köln,Cologne Stadium,RheinEnergieStadion
2036161,Germany,Scotland,GER,SCO,5.0,1.0,,,5.0,1.0,Germany,WIN_REGULAR,2024,2024-06-14,2024-06-14T19:00:00Z,2.0,Group A,MD1,,,,,,FINISHED,GROUP_STAGE,GROUP_STANDINGS,GROUP,65052.0,85441,GER,75000.0,48.2187944,11.6247306,105.0,68.0,"[{'phase': 'FIRST_HALF', 'time': {'minute': 10, 'second': 55}, 'international_name': 'Florian Wirtz', 'club_shirt_name': 'Wirtz', 'country_code': 'GER', 'national_field_position': 'MIDFIELDER', 'national_jersey_number': '17', 'goal_type': 'SCORED'}, {'phase': 'FIRST_HALF', 'time': {'minute': 19, 'second': 43}, 'international_name': 'Jamal Musiala', 'club_shirt_name': 'Musiala', 'country_code': 'GER', 'national_field_position': 'MIDFIELDER', 'national_jersey_number': '10', 'goal_type': 'SCORED'}, {'phase': 'FIRST_HALF', 'time': {'injuryMinute': 1, 'minute': 45, 'second': 34}, 'international_name': 'Kai Havertz', 'club_shirt_name': 'Havertz', 'country_code': 'GER', 'national_field_position': 'FORWARD', 'national_jersey_number': '7', 'goal_type': 'PENALTY'}, {'phase': 'SECOND_HALF', 'time': {'minute': 68, 'second': 44}, 'international_name': 'Niclas Füllkrug', 'club_shirt_name': 'Füllkrug', 'country_code': 'GER', 'national_field_position': 'FORWARD', 'national_jersey_number': '9', 'goal_type': 'SCORED'}, {'phase': 'SECOND_HALF', 'time': {'minute': 87, 'second': 32}, 'international_name': 'Antonio Rüdiger', 'club_shirt_name': 'RÜDIGER', 'country_code': 'GER', 'national_field_position': 'DEFENDER', 'national_jersey_number': '2', 'goal_type': 'OWN'}, {'phase': 'SECOND_HALF', 'time': {'injuryMinute': 3, 'minute': 90, 'second': 34}, 'international_name': 'Emre Can', 'club_shirt_name': 'Can', 'country_code': 'GER', 'national_field_position': 'MIDFIELDER', 'national_jersey_number': '25', 'goal_type': 'SCORED'}]",,,"[{'phase': 'FIRST_HALF', 'time': {'minute': 44, 'second': 55}, 'international_name': 'Ryan Porteous', 'club_shirt_name': 'Porteous', 'country_code': 'SCO', 'national_field_position': 'DEFENDER', 'national_jersey_number': '15'}]","[{'name': 'Benjamin Pages', 'role': 'ASSISTANT_REFEREE_TWO', 'name_short': 'Pages', 'gender': 'MALE', 'counrty_code': 'FRA', 'counrty': 'France'}, {'name': 'Clément Turpin', 'role': 'REFEREE', 'name_short': 'Turpin', 'gender': 'MALE', 'counrty_code': 'FRA', 'counrty': 'France'}, {'name': 'Jérôme Brisard', 'role': 'VIDEO_ASSISTANT_REFEREE', 'name_short': 'Brisard', 'gender': 'MALE', 'counrty_code': 'FRA', 'counrty': 'France'}, {'name': 'Nicolas Danos', 'role': 'ASSISTANT_REFEREE_ONE', 'name_short': 'Danos', 'gender': 'MALE', 'counrty_code': 'FRA', 'counrty': 'France'}, {'name': 'Massimiliano Irrati', 'role': 'ASSISTANT_VIDEO_ASSISTANT_REFEREE_TWO', 'name_short': 'Irrati', 'gender': 'MALE', 'counrty_code': 'ITA', 'counrty': 'Italy'}, {'name': 'Willy Delajod', 'role': 'ASSISTANT_VIDEO_ASSISTANT_REFEREE_ONE', 'name_short': 'Delajod', 'gender': 'MALE', 'counrty_code': 'FRA', 'counrty': 'France'}, {'name': 'Roberto Rosetti', 'role': 'REFEREE_OBSERVER', 'name_short': 'Rosetti', 'gender': 'MALE', 'counrty_code': 'ITA', 'counrty': 'Italy'}, {'name': 'François Letexier', 'role': 'FOURTH_OFFICIAL', 'name_short': 'Letexier', 'gender': 'MALE', 'counrty_code': 'FRA', 'counrty': 'France'}, {'name': 'Arturs Gaidels', 'role': 'UEFA_DELEGATE', 'name_short': 'Gaidels', 'gender': 'MALE', 'counrty_code': 'LVA', 'counrty': 'Latvia'}]",Munich,Munich Football Arena,Football Arena Munich,Fußball Arena München,Munich Football Arena,Allianz Arena
