year,country,country_code,opponent,goals_scored,goals_conceded,open_play_goals,own_goals,penalty_goals,result,round,date,red_cards,teams_in_tournament
1960,France,FRA,Czechoslovakia,0.0,2.0,0.0,0,0,loss,THIRD_PLAY_OFF,1960-07-09,0,4
1960,France,FRA,Yugoslavia,4.0,5.0,4.0,0,0,loss,SEMIFINAL,1960-07-06,0,4
1964,Spain,ESP,USSR,2.0,1.0,2.0,0,0,win,FINAL,1964-06-21,0,4
1964,Hungary,HUN,Denmark,3.0,1.0,2.0,0,1,win,THIRD_PLAY_OFF,1964-06-20,0,4
1964,Denmark,DEN,Hungary,1.0,3.0,1.0,0,0,loss,THIRD_PLAY_OFF,1964-06-20,0,4
1964,Denmark,DEN,USSR,0.0,3.0,0.0,0,0,loss,SEMIFINAL,1964-06-17,0,4
1964,Spain,ESP,Hungary,2.0,1.0,2.0,0,0,win,SEMIFINAL,1964-06-17,0,4
1964,Hungary,HUN,Spain,1.0,2.0,1.0,0,0,loss,SEMIFINAL,1964-06-17,0,4
1968,Italy,ITA,Yugoslavia,2.0,0.0,2.0,0,0,win,FINAL,1968-06-10,0,4
1968,Italy,ITA,Yugoslavia,1.0,1.0,1.0,0,0,draw,FINAL,1968-06-08,0,4
1968,England,ENG,USSR,2.0,0.0,2.0,0,0,win,THIRD_PLAY_OFF,1968-06-08,0,4
1968,England,ENG,Yugoslavia,0.0,1.0,0.0,0,0,loss,SEMIFINAL,1968-06-05,1,4
1968,Italy,ITA,USSR,0.0,0.0,0.0,0,0,draw,SEMIFINAL,1968-06-05,0,4
1972,Hungary,HUN,Belgium,1.0,2.0,0.0,0,1,loss,THIRD_PLAY_OFF,1972-06-17,0,4
1972,Belgium,BEL,Hungary,2.0,1.0,2.0,0,0,win,THIRD_PLAY_OFF,1972-06-17,0,4
1972,Belgium,BEL,West Germany,1.0,2.0,1.0,0,0,loss,SEMIFINAL,1972-06-14,0,4
1972,Hungary,HUN,USSR,0.0,1.0,0.0,0,0,loss,SEMIFINAL,1972-06-14,0,4
1976,Netherlands,NED,Yugoslavia,3.0,2.0,3.0,0,0,win,THIRD_PLAY_OFF,1976-06-19,0,4
1976,Netherlands,NED,Czechoslovakia,1.0,3.0,1.0,0,0,loss,SEMIFINAL,1976-06-16,3,4
1980,Belgium,BEL,West Germany,1.0,2.0,0.0,0,1,loss,FINAL,1980-06-22,0,8
1980,Italy,ITA,Czechoslovakia,1.0,1.0,1.0,0,0,draw,THIRD_PLAY_OFF,1980-06-21,0,8
1980,Italy,ITA,Belgium,0.0,0.0,0.0,0,0,draw,GROUP_STANDINGS,1980-06-18,0,8
1980,Belgium,BEL,Italy,0.0,0.0,0.0,0,0,draw,GROUP_STANDINGS,1980-06-18,0,8
1980,Spain,ESP,England,1.0,2.0,0.0,0,1,loss,GROUP_STANDINGS,1980-06-18,0,8
1980,England,ENG,Spain,2.0,1.0,2.0,0,0,win,GROUP_STANDINGS,1980-06-18,0,8
1980,Greece,GRE,West Germany,0.0,0.0,0.0,0,0,draw,GROUP_STANDINGS,1980-06-17,0,8
1980,Netherlands,NED,Czechoslovakia,1.0,1.0,1.0,0,0,draw,GROUP_STANDINGS,1980-06-17,0,8
1980,England,ENG,Italy,0.0,1.0,0.0,0,0,loss,GROUP_STANDINGS,1980-06-15,0,8
1980,Italy,ITA,England,1.0,0.0,1.0,0,0,win,GROUP_STANDINGS,1980-06-15,0,8
1980,Belgium,BEL,Spain,2.0,1.0,2.0,0,0,win,GROUP_STANDINGS,1980-06-15,0,8
1980,Spain,ESP,Belgium,1.0,2.0,1.0,0,0,loss,GROUP_STANDINGS,1980-06-15,0,8
1980,Greece,GRE,Czechoslovakia,1.0,3.0,1.0,0,0,loss,GROUP_STANDINGS,1980-06-14,0,8
1980,Netherlands,NED,West Germany,2.0,3.0,2.0,0,0,loss,GROUP_STANDINGS,1980-06-14,0,8
1980,Spain,ESP,Italy,0.0,0.0,0.0,0,0,draw,GROUP_STANDINGS,1980-06-12,0,8
1980,Italy,ITA,Spain,0.0,0.0,0.0,0,0,draw,GROUP_STANDINGS,1980-06-12,0,8
1980,Belgium,BEL,England,1.0,1.0,1.0,0,0,draw,GROUP_STANDINGS,1980-06-12,0,8
1980,England,ENG,Belgium,1.0,1.0,1.0,0,0,draw,GROUP_STANDINGS,1980-06-12,0,8
1980,Netherlands,NED,Greece,1.0,0.0,0.0,0,1,win,GROUP_STANDINGS,1980-06-11,0,8
1980,Greece,GRE,Netherlands,0.0,1.0,0.0,0,0,loss,GROUP_STANDINGS,1980-06-11,0,8
1984,France,FRA,Spain,2.0,0.0,2.0,0,0,win,FINAL,1984-06-27,1,8
1984,Spain,ESP,France,0.0,2.0,0.0,0,0,loss,FINAL,1984-06-27,1,8
1984,Denmark,DEN,Spain,1.0,1.0,1.0,0,0,draw,SEMIFINAL,1984-06-24,1,8
1984,Spain,ESP,Denmark,1.0,1.0,1.0,0,0,draw,SEMIFINAL,1984-06-24,1,8
1984,France,FRA,Portugal,3.0,2.0,3.0,0,0,win,SEMIFINAL,1984-06-23,0,8
1984,Portugal,POR,France,2.0,3.0,2.0,0,0,loss,SEMIFINAL,1984-06-23,0,8
1984,Portugal,POR,Romania,1.0,0.0,1.0,0,0,win,GROUP_STANDINGS,1984-06-20,0,8
1984,Romania,ROU,Portugal,0.0,1.0,0.0,0,0,loss,GROUP_STANDINGS,1984-06-20,0,8
1984,Spain,ESP,West Germany,1.0,0.0,1.0,0,0,win,GROUP_STANDINGS,1984-06-20,0,8
1984,Denmark,DEN,Belgium,3.0,2.0,2.0,0,1,win,GROUP_STANDINGS,1984-06-19,0,8
1984,Belgium,BEL,Denmark,2.0,3.0,2.0,0,0,loss,GROUP_STANDINGS,1984-06-19,0,8
1984,France,FRA,Yugoslavia,3.0,2.0,2.0,0,1,win,GROUP_STANDINGS,1984-06-19,0,8
1984,Portugal,POR,Spain,1.0,1.0,1.0,0,0,draw,GROUP_STANDINGS,1984-06-17,0,8
1984,Spain,ESP,Portugal,1.0,1.0,1.0,0,0,draw,GROUP_STANDINGS,1984-06-17,0,8
1984,Romania,ROU,West Germany,1.0,2.0,1.0,0,0,loss,GROUP_STANDINGS,1984-06-17,0,8
1984,Denmark,DEN,Yugoslavia,5.0,0.0,4.0,0,1,win,GROUP_STANDINGS,1984-06-16,0,8
1984,France,FRA,Belgium,5.0,0.0,4.0,0,1,win,GROUP_STANDINGS,1984-06-16,0,8
1984,Belgium,BEL,France,0.0,5.0,0.0,0,0,loss,GROUP_STANDINGS,1984-06-16,0,8
1984,Romania,ROU,Spain,1.0,1.0,0.0,0,1,draw,GROUP_STANDINGS,1984-06-14,0,8
1984,Spain,ESP,Romania,1.0,1.0,1.0,0,0,draw,GROUP_STANDINGS,1984-06-14,0,8
1984,Portugal,POR,West Germany,0.0,0.0,0.0,0,0,draw,GROUP_STANDINGS,1984-06-14,0,8
1984,Belgium,BEL,Yugoslavia,2.0,0.0,2.0,0,0,win,GROUP_STANDINGS,1984-06-13,0,8
1984,France,FRA,Denmark,1.0,0.0,1.0,0,0,win,GROUP_STANDINGS,1984-06-12,1,8
1984,Denmark,DEN,France,0.0,1.0,0.0,0,0,loss,GROUP_STANDINGS,1984-06-12,1,8
1988,Netherlands,NED,USSR,2.0,0.0,2.0,0,0,win,FINAL,1988-06-25,0,8
1988,Italy,ITA,USSR,0.0,2.0,0.0,0,0,loss,SEMIFINAL,1988-06-22,0,8
1988,Netherlands,NED,West Germany,2.0,1.0,2.0,0,0,win,SEMIFINAL,1988-06-21,0,8
1988,Ireland,IRL,Netherlands,0.0,1.0,0.0,0,0,loss,GROUP_STANDINGS,1988-06-18,0,8
1988,Netherlands,NED,Ireland,1.0,0.0,1.0,0,0,win,GROUP_STANDINGS,1988-06-18,0,8
1988,England,ENG,USSR,1.0,3.0,1.0,0,0,loss,GROUP_STANDINGS,1988-06-18,0,8
1988,Spain,ESP,West Germany,0.0,2.0,0.0,0,0,loss,GROUP_STANDINGS,1988-06-17,0,8
1988,Italy,ITA,Denmark,2.0,0.0,2.0,0,0,win,GROUP_STANDINGS,1988-06-17,0,8
1988,Denmark,DEN,Italy,0.0,2.0,0.0,0,0,loss,GROUP_STANDINGS,1988-06-17,0,8
1988,Ireland,IRL,USSR,1.0,1.0,1.0,0,0,draw,GROUP_STANDINGS,1988-06-15,0,8
1988,England,ENG,Netherlands,1.0,3.0,1.0,0,0,loss,GROUP_STANDINGS,1988-06-15,0,8
1988,Netherlands,NED,England,3.0,1.0,3.0,0,0,win,GROUP_STANDINGS,1988-06-15,0,8
1988,Italy,ITA,Spain,1.0,0.0,1.0,0,0,win,GROUP_STANDINGS,1988-06-14,0,8
1988,Spain,ESP,Italy,0.0,1.0,0.0,0,0,loss,GROUP_STANDINGS,1988-06-14,0,8
1988,Denmark,DEN,West Germany,0.0,2.0,0.0,0,0,loss,GROUP_STANDINGS,1988-06-14,0,8
1988,Netherlands,NED,USSR,0.0,1.0,0.0,0,0,loss,GROUP_STANDINGS,1988-06-12,0,8
1988,England,ENG,Ireland,0.0,1.0,0.0,0,0,loss,GROUP_STANDINGS,1988-06-12,0,8
1988,Ireland,IRL,England,1.0,0.0,1.0,0,0,win,GROUP_STANDINGS,1988-06-12,0,8
1988,Denmark,DEN,Spain,2.0,3.0,2.0,0,0,loss,GROUP_STANDINGS,1988-06-11,0,8
1988,Spain,ESP,Denmark,3.0,2.0,3.0,0,0,win,GROUP_STANDINGS,1988-06-11,0,8
1988,Italy,ITA,West Germany,1.0,1.0,1.0,0,0,draw,GROUP_STANDINGS,1988-06-10,0,8
1992,Denmark,DEN,Germany,2.0,0.0,2.0,0,0,win,FINAL,1992-06-26,0,8
1992,Germany,GER,Denmark,0.0,2.0,0.0,0,0,loss,FINAL,1992-06-26,0,8
1992,Netherlands,NED,Denmark,2.0,2.0,2.0,0,0,draw,SEMIFINAL,1992-06-22,0,8
1992,Denmark,DEN,Netherlands,2.0,2.0,2.0,0,0,draw,SEMIFINAL,1992-06-22,0,8
1992,Sweden,SWE,Germany,2.0,3.0,1.0,0,1,loss,SEMIFINAL,1992-06-21,0,8
1992,Germany,GER,Sweden,3.0,2.0,3.0,0,0,win,SEMIFINAL,1992-06-21,0,8
1992,Scotland,SCO,Commonwealth of Independent States,3.0,0.0,2.0,0,1,win,GROUP_STANDINGS,1992-06-18,0,8
1992,Netherlands,NED,Germany,3.0,1.0,3.0,0,0,win,GROUP_STANDINGS,1992-06-18,0,8
1992,Germany,GER,Netherlands,1.0,3.0,1.0,0,0,loss,GROUP_STANDINGS,1992-06-18,0,8
1992,France,FRA,Denmark,1.0,2.0,1.0,0,0,loss,GROUP_STANDINGS,1992-06-17,0,8
1992,Denmark,DEN,France,2.0,1.0,2.0,0,0,win,GROUP_STANDINGS,1992-06-17,0,8
1992,Sweden,SWE,England,2.0,1.0,2.0,0,0,win,GROUP_STANDINGS,1992-06-17,0,8
1992,England,ENG,Sweden,1.0,2.0,1.0,0,0,loss,GROUP_STANDINGS,1992-06-17,0,8
1992,Netherlands,NED,Commonwealth of Independent States,0.0,0.0,0.0,0,0,draw,GROUP_STANDINGS,1992-06-15,0,8
1992,Scotland,SCO,Germany,0.0,2.0,0.0,0,0,loss,GROUP_STANDINGS,1992-06-15,0,8
1992,Germany,GER,Scotland,2.0,0.0,2.0,0,0,win,GROUP_STANDINGS,1992-06-15,0,8
1992,Sweden,SWE,Denmark,1.0,0.0,1.0,0,0,win,GROUP_STANDINGS,1992-06-14,0,8
1992,Denmark,DEN,Sweden,0.0,1.0,0.0,0,0,loss,GROUP_STANDINGS,1992-06-14,0,8
1992,France,FRA,England,0.0,0.0,0.0,0,0,draw,GROUP_STANDINGS,1992-06-14,0,8
1992,England,ENG,France,0.0,0.0,0.0,0,0,draw,GROUP_STANDINGS,1992-06-14,0,8
1992,Germany,GER,Commonwealth of Independent States,1.0,1.0,1.0,0,0,draw,GROUP_STANDINGS,1992-06-12,0,8
1992,Netherlands,NED,Scotland,1.0,0.0,1.0,0,0,win,GROUP_STANDINGS,1992-06-12,0,8
1992,Scotland,SCO,Netherlands,0.0,1.0,0.0,0,0,loss,GROUP_STANDINGS,1992-06-12,0,8
1992,Denmark,DEN,England,0.0,0.0,0.0,0,0,draw,GROUP_STANDINGS,1992-06-11,0,8
1992,England,ENG,Denmark,0.0,0.0,0.0,0,0,draw,GROUP_STANDINGS,1992-06-11,0,8
1992,Sweden,SWE,France,1.0,1.0,1.0,0,0,draw,GROUP_STANDINGS,1992-06-10,0,8
1992,France,FRA,Sweden,1.0,1.0,1.0,0,0,draw,GROUP_STANDINGS,1992-06-10,0,8
1996,Czechia,CZE,Germany,1.0,2.0,0.0,0,1,loss,FINAL,1996-06-30,0,16
1996,Germany,GER,Czechia,2.0,1.0,2.0,0,0,win,FINAL,1996-06-30,0,16
1996,Germany,GER,England,1.0,1.0,1.0,0,0,draw,SEMIFINAL,1996-06-26,0,16
1996,England,ENG,Germany,1.0,1.0,1.0,0,0,draw,SEMIFINAL,1996-06-26,0,16
1996,France,FRA,Czechia,0.0,0.0,0.0,0,0,draw,SEMIFINAL,1996-06-26,0,16
1996,Czechia,CZE,France,0.0,0.0,0.0,0,0,draw,SEMIFINAL,1996-06-26,0,16
1996,Czechia,CZE,Portugal,1.0,0.0,1.0,0,0,win,QUARTER_FINALS,1996-06-23,1,16
1996,Portugal,POR,Czechia,0.0,1.0,0.0,0,0,loss,QUARTER_FINALS,1996-06-23,1,16
1996,Germany,GER,Croatia,2.0,1.0,1.0,0,1,win,QUARTER_FINALS,1996-06-23,1,16
1996,Croatia,CRO,Germany,1.0,2.0,1.0,0,0,loss,QUARTER_FINALS,1996-06-23,1,16
1996,France,FRA,Netherlands,0.0,0.0,0.0,0,0,draw,QUARTER_FINALS,1996-06-22,0,16
1996,Netherlands,NED,France,0.0,0.0,0.0,0,0,draw,QUARTER_FINALS,1996-06-22,0,16
1996,Spain,ESP,England,0.0,0.0,0.0,0,0,draw,QUARTER_FINALS,1996-06-22,0,16
1996,England,ENG,Spain,0.0,0.0,0.0,0,0,draw,QUARTER_FINALS,1996-06-22,0,16
1996,Italy,ITA,Germany,0.0,0.0,0.0,0,0,draw,GROUP_STANDINGS,1996-06-19,1,16
1996,Germany,GER,Italy,0.0,0.0,0.0,0,0,draw,GROUP_STANDINGS,1996-06-19,1,16
1996,Russia,RUS,Czechia,3.0,3.0,3.0,0,0,draw,GROUP_STANDINGS,1996-06-19,0,16
1996,Czechia,CZE,Russia,3.0,3.0,3.0,0,0,draw,GROUP_STANDINGS,1996-06-19,0,16
1996,Turkey,TUR,Denmark,0.0,3.0,0.0,0,0,loss,GROUP_STANDINGS,1996-06-19,0,16
1996,Denmark,DEN,Turkey,3.0,0.0,3.0,0,0,win,GROUP_STANDINGS,1996-06-19,0,16
1996,Croatia,CRO,Portugal,0.0,3.0,0.0,0,0,loss,GROUP_STANDINGS,1996-06-19,0,16
1996,Portugal,POR,Croatia,3.0,0.0,3.0,0,0,win,GROUP_STANDINGS,1996-06-19,0,16
1996,Netherlands,NED,England,1.0,4.0,0.0,0,1,loss,GROUP_STANDINGS,1996-06-18,0,16
1996,England,ENG,Netherlands,4.0,1.0,4.0,0,0,win,GROUP_STANDINGS,1996-06-18,0,16
1996,Scotland,SCO,Switzerland,1.0,0.0,1.0,0,0,win,GROUP_STANDINGS,1996-06-18,0,16
1996,Switzerland,SUI,Scotland,0.0,1.0,0.0,0,0,loss,GROUP_STANDINGS,1996-06-18,0,16
1996,Romania,ROU,Spain,1.0,2.0,1.0,0,0,loss,GROUP_STANDINGS,1996-06-18,0,16
1996,Spain,ESP,Romania,2.0,1.0,2.0,0,0,win,GROUP_STANDINGS,1996-06-18,0,16
1996,France,FRA,Bulgaria,3.0,1.0,2.0,1,0,win,GROUP_STANDINGS,1996-06-18,0,16
1996,Bulgaria,BUL,France,1.0,3.0,1.0,0,0,loss,GROUP_STANDINGS,1996-06-18,0,16
1996,Croatia,CRO,Denmark,3.0,0.0,2.0,0,1,win,GROUP_STANDINGS,1996-06-16,0,16
1996,Denmark,DEN,Croatia,0.0,3.0,0.0,0,0,loss,GROUP_STANDINGS,1996-06-16,0,16
1996,Russia,RUS,Germany,0.0,3.0,0.0,0,0,loss,GROUP_STANDINGS,1996-06-16,1,16
1996,Germany,GER,Russia,3.0,0.0,3.0,0,0,win,GROUP_STANDINGS,1996-06-16,1,16
1996,France,FRA,Spain,1.0,1.0,1.0,0,0,draw,GROUP_STANDINGS,1996-06-15,0,16
1996,Spain,ESP,France,1.0,1.0,1.0,0,0,draw,GROUP_STANDINGS,1996-06-15,0,16
1996,Scotland,SCO,England,0.0,2.0,0.0,0,0,loss,GROUP_STANDINGS,1996-06-15,0,16
1996,England,ENG,Scotland,2.0,0.0,2.0,0,0,win,GROUP_STANDINGS,1996-06-15,0,16
1996,Czechia,CZE,Italy,2.0,1.0,2.0,0,0,win,GROUP_STANDINGS,1996-06-14,1,16
1996,Italy,ITA,Czechia,1.0,2.0,1.0,0,0,loss,GROUP_STANDINGS,1996-06-14,1,16
1996,Portugal,POR,Turkey,1.0,0.0,1.0,0,0,win,GROUP_STANDINGS,1996-06-14,0,16
1996,Turkey,TUR,Portugal,0.0,1.0,0.0,0,0,loss,GROUP_STANDINGS,1996-06-14,0,16
1996,Switzerland,SUI,Netherlands,0.0,2.0,0.0,0,0,loss,GROUP_STANDINGS,1996-06-13,0,16
1996,Netherlands,NED,Switzerland,2.0,0.0,2.0,0,0,win,GROUP_STANDINGS,1996-06-13,0,16
1996,Bulgaria,BUL,Romania,1.0,0.0,1.0,0,0,win,GROUP_STANDINGS,1996-06-13,0,16
1996,Romania,ROU,Bulgaria,0.0,1.0,0.0,0,0,loss,GROUP_STANDINGS,1996-06-13,0,16
1996,Turkey,TUR,Croatia,0.0,1.0,0.0,0,0,loss,GROUP_STANDINGS,1996-06-11,0,16
1996,Croatia,CRO,Turkey,1.0,0.0,1.0,0,0,win,GROUP_STANDINGS,1996-06-11,0,16
1996,Italy,ITA,Russia,2.0,1.0,2.0,0,0,win,GROUP_STANDINGS,1996-06-11,0,16
1996,Russia,RUS,Italy,1.0,2.0,1.0,0,0,loss,GROUP_STANDINGS,1996-06-11,0,16
1996,Romania,ROU,France,0.0,1.0,0.0,0,0,loss,GROUP_STANDINGS,1996-06-10,0,16
1996,France,FRA,Romania,1.0,0.0,1.0,0,0,win,GROUP_STANDINGS,1996-06-10,0,16
1996,Netherlands,NED,Scotland,0.0,0.0,0.0,0,0,draw,GROUP_STANDINGS,1996-06-10,0,16
1996,Scotland,SCO,Netherlands,0.0,0.0,0.0,0,0,draw,GROUP_STANDINGS,1996-06-10,0,16
1996,Denmark,DEN,Portugal,1.0,1.0,1.0,0,0,draw,GROUP_STANDINGS,1996-06-09,0,16
1996,Portugal,POR,Denmark,1.0,1.0,1.0,0,0,draw,GROUP_STANDINGS,1996-06-09,0,16
1996,Germany,GER,Czechia,2.0,0.0,2.0,0,0,win,GROUP_STANDINGS,1996-06-09,0,16
1996,Czechia,CZE,Germany,0.0,2.0,0.0,0,0,loss,GROUP_STANDINGS,1996-06-09,0,16
1996,Spain,ESP,Bulgaria,1.0,1.0,0.0,0,1,draw,GROUP_STANDINGS,1996-06-09,2,16
1996,Bulgaria,BUL,Spain,1.0,1.0,1.0,0,0,draw,GROUP_STANDINGS,1996-06-09,2,16
1996,England,ENG,Switzerland,1.0,1.0,0.0,0,1,draw,GROUP_STANDINGS,1996-06-08,0,16
1996,Switzerland,SUI,England,1.0,1.0,1.0,0,0,draw,GROUP_STANDINGS,1996-06-08,0,16
2000,France,FRA,Italy,2.0,1.0,2.0,0,0,win,FINAL,2000-07-02,0,16
2000,Italy,ITA,France,1.0,2.0,1.0,0,0,loss,FINAL,2000-07-02,0,16
2000,Italy,ITA,Netherlands,0.0,0.0,0.0,0,0,draw,SEMIFINAL,2000-06-29,1,16
2000,Netherlands,NED,Italy,0.0,0.0,0.0,0,0,draw,SEMIFINAL,2000-06-29,1,16
2000,France,FRA,Portugal,2.0,1.0,1.0,0,1,win,SEMIFINAL,2000-06-28,0,16
2000,Portugal,POR,France,1.0,2.0,1.0,0,0,loss,SEMIFINAL,2000-06-28,0,16
2000,Spain,ESP,France,1.0,2.0,0.0,0,1,loss,QUARTER_FINALS,2000-06-25,0,16
2000,France,FRA,Spain,2.0,1.0,2.0,0,0,win,QUARTER_FINALS,2000-06-25,0,16
2000,Netherlands,NED,Yugoslavia,6.0,1.0,5.0,1,0,win,QUARTER_FINALS,2000-06-25,0,16
2000,Italy,ITA,Romania,2.0,0.0,2.0,0,0,win,QUARTER_FINALS,2000-06-24,1,16
2000,Romania,ROU,Italy,0.0,2.0,0.0,0,0,loss,QUARTER_FINALS,2000-06-24,1,16
2000,Turkey,TUR,Portugal,0.0,2.0,0.0,0,0,loss,QUARTER_FINALS,2000-06-24,1,16
2000,Portugal,POR,Turkey,2.0,0.0,2.0,0,0,win,QUARTER_FINALS,2000-06-24,1,16
2000,France,FRA,Netherlands,2.0,3.0,2.0,0,0,loss,GROUP_STANDINGS,2000-06-21,0,16
2000,Netherlands,NED,France,3.0,2.0,3.0,0,0,win,GROUP_STANDINGS,2000-06-21,0,16
2000,Denmark,DEN,Czechia,0.0,2.0,0.0,0,0,loss,GROUP_STANDINGS,2000-06-21,0,16
2000,Czechia,CZE,Denmark,2.0,0.0,2.0,0,0,win,GROUP_STANDINGS,2000-06-21,0,16
2000,Slovenia,SVN,Norway,0.0,0.0,0.0,0,0,draw,GROUP_STANDINGS,2000-06-21,0,16
2000,Norway,NOR,Slovenia,0.0,0.0,0.0,0,0,draw,GROUP_STANDINGS,2000-06-21,0,16
2000,Spain,ESP,Yugoslavia,4.0,3.0,4.0,0,0,win,GROUP_STANDINGS,2000-06-21,1,16
2000,Portugal,POR,Germany,3.0,0.0,3.0,0,0,win,GROUP_STANDINGS,2000-06-20,0,16
2000,Germany,GER,Portugal,0.0,3.0,0.0,0,0,loss,GROUP_STANDINGS,2000-06-20,0,16
2000,England,ENG,Romania,2.0,3.0,0.0,0,2,loss,GROUP_STANDINGS,2000-06-20,0,16
2000,Romania,ROU,England,3.0,2.0,3.0,0,0,win,GROUP_STANDINGS,2000-06-20,0,16
2000,Italy,ITA,Sweden,2.0,1.0,2.0,0,0,win,GROUP_STANDINGS,2000-06-19,0,16
2000,Sweden,SWE,Italy,1.0,2.0,1.0,0,0,loss,GROUP_STANDINGS,2000-06-19,0,16
2000,Turkey,TUR,Belgium,2.0,0.0,2.0,0,0,win,GROUP_STANDINGS,2000-06-19,1,16
2000,Belgium,BEL,Turkey,0.0,2.0,0.0,0,0,loss,GROUP_STANDINGS,2000-06-19,1,16
2000,Norway,NOR,Yugoslavia,0.0,1.0,0.0,0,0,loss,GROUP_STANDINGS,2000-06-18,1,16
2000,Slovenia,SVN,Spain,1.0,2.0,1.0,0,0,loss,GROUP_STANDINGS,2000-06-18,0,16
2000,Spain,ESP,Slovenia,2.0,1.0,2.0,0,0,win,GROUP_STANDINGS,2000-06-18,0,16
2000,England,ENG,Germany,1.0,0.0,1.0,0,0,win,GROUP_STANDINGS,2000-06-17,0,16
2000,Germany,GER,England,0.0,1.0,0.0,0,0,loss,GROUP_STANDINGS,2000-06-17,0,16
2000,Romania,ROU,Portugal,0.0,1.0,0.0,0,0,loss,GROUP_STANDINGS,2000-06-17,0,16
2000,Portugal,POR,Romania,1.0,0.0,1.0,0,0,win,GROUP_STANDINGS,2000-06-17,0,16
2000,Denmark,DEN,Netherlands,0.0,3.0,0.0,0,0,loss,GROUP_STANDINGS,2000-06-16,0,16
2000,Netherlands,NED,Denmark,3.0,0.0,3.0,0,0,win,GROUP_STANDINGS,2000-06-16,0,16
2000,Czechia,CZE,France,1.0,2.0,0.0,0,1,loss,GROUP_STANDINGS,2000-06-16,0,16
2000,France,FRA,Czechia,2.0,1.0,2.0,0,0,win,GROUP_STANDINGS,2000-06-16,0,16
2000,Sweden,SWE,Turkey,0.0,0.0,0.0,0,0,draw,GROUP_STANDINGS,2000-06-15,0,16
2000,Turkey,TUR,Sweden,0.0,0.0,0.0,0,0,draw,GROUP_STANDINGS,2000-06-15,0,16
2000,Italy,ITA,Belgium,2.0,0.0,2.0,0,0,win,GROUP_STANDINGS,2000-06-14,0,16
2000,Belgium,BEL,Italy,0.0,2.0,0.0,0,0,loss,GROUP_STANDINGS,2000-06-14,0,16
2000,Slovenia,SVN,Yugoslavia,3.0,3.0,3.0,0,0,draw,GROUP_STANDINGS,2000-06-13,1,16
2000,Spain,ESP,Norway,0.0,1.0,0.0,0,0,loss,GROUP_STANDINGS,2000-06-13,0,16
2000,Norway,NOR,Spain,1.0,0.0,1.0,0,0,win,GROUP_STANDINGS,2000-06-13,0,16
2000,Portugal,POR,England,3.0,2.0,3.0,0,0,win,GROUP_STANDINGS,2000-06-12,0,16
2000,England,ENG,Portugal,2.0,3.0,2.0,0,0,loss,GROUP_STANDINGS,2000-06-12,0,16
2000,Germany,GER,Romania,1.0,1.0,1.0,0,0,draw,GROUP_STANDINGS,2000-06-12,0,16
2000,Romania,ROU,Germany,1.0,1.0,1.0,0,0,draw,GROUP_STANDINGS,2000-06-12,0,16
2000,Netherlands,NED,Czechia,1.0,0.0,0.0,0,1,win,GROUP_STANDINGS,2000-06-11,0,16
2000,Czechia,CZE,Netherlands,0.0,1.0,0.0,0,0,loss,GROUP_STANDINGS,2000-06-11,0,16
2000,France,FRA,Denmark,3.0,0.0,3.0,0,0,win,GROUP_STANDINGS,2000-06-11,0,16
2000,Denmark,DEN,France,0.0,3.0,0.0,0,0,loss,GROUP_STANDINGS,2000-06-11,0,16
2000,Turkey,TUR,Italy,1.0,2.0,0.0,0,1,loss,GROUP_STANDINGS,2000-06-11,0,16
2000,Italy,ITA,Turkey,2.0,1.0,2.0,0,0,win,GROUP_STANDINGS,2000-06-11,0,16
2000,Belgium,BEL,Sweden,2.0,1.0,2.0,0,0,win,GROUP_STANDINGS,2000-06-10,1,16
2000,Sweden,SWE,Belgium,1.0,2.0,1.0,0,0,loss,GROUP_STANDINGS,2000-06-10,1,16
2004,Portugal,POR,Greece,0.0,1.0,0.0,0,0,loss,FINAL,2004-07-04,0,16
2004,Greece,GRE,Portugal,1.0,0.0,1.0,0,0,win,FINAL,2004-07-04,0,16
2004,Greece,GRE,Czechia,1.0,0.0,1.0,0,0,win,SEMIFINAL,2004-07-01,0,16
2004,Czechia,CZE,Greece,0.0,1.0,0.0,0,0,loss,SEMIFINAL,2004-07-01,0,16
2004,Portugal,POR,Netherlands,2.0,1.0,1.0,1,0,win,SEMIFINAL,2004-06-30,0,16
2004,Netherlands,NED,Portugal,1.0,2.0,1.0,0,0,loss,SEMIFINAL,2004-06-30,0,16
2004,Czechia,CZE,Denmark,3.0,0.0,3.0,0,0,win,QUARTER_FINALS,2004-06-27,0,16
2004,Denmark,DEN,Czechia,0.0,3.0,0.0,0,0,loss,QUARTER_FINALS,2004-06-27,0,16
2004,Sweden,SWE,Netherlands,0.0,0.0,0.0,0,0,draw,QUARTER_FINALS,2004-06-26,0,16
2004,Netherlands,NED,Sweden,0.0,0.0,0.0,0,0,draw,QUARTER_FINALS,2004-06-26,0,16
2004,France,FRA,Greece,0.0,1.0,0.0,0,0,loss,QUARTER_FINALS,2004-06-25,0,16
2004,Greece,GRE,France,1.0,0.0,1.0,0,0,win,QUARTER_FINALS,2004-06-25,0,16
2004,Portugal,POR,England,2.0,2.0,2.0,0,0,draw,QUARTER_FINALS,2004-06-24,0,16
2004,England,ENG,Portugal,2.0,2.0,2.0,0,0,draw,QUARTER_FINALS,2004-06-24,0,16
2004,Germany,GER,Czechia,1.0,2.0,1.0,0,0,loss,GROUP_STANDINGS,2004-06-23,0,16
2004,Czechia,CZE,Germany,2.0,1.0,2.0,0,0,win,GROUP_STANDINGS,2004-06-23,0,16
2004,Netherlands,NED,Latvia,3.0,0.0,2.0,0,1,win,GROUP_STANDINGS,2004-06-23,0,16
2004,Latvia,LVA,Netherlands,0.0,3.0,0.0,0,0,loss,GROUP_STANDINGS,2004-06-23,0,16
2004,Denmark,DEN,Sweden,2.0,2.0,1.0,0,1,draw,GROUP_STANDINGS,2004-06-22,0,16
2004,Sweden,SWE,Denmark,2.0,2.0,2.0,0,0,draw,GROUP_STANDINGS,2004-06-22,0,16
2004,Italy,ITA,Bulgaria,2.0,1.0,1.0,0,1,win,GROUP_STANDINGS,2004-06-22,0,16
2004,Bulgaria,BUL,Italy,1.0,2.0,1.0,0,0,loss,GROUP_STANDINGS,2004-06-22,0,16
2004,Croatia,CRO,England,2.0,4.0,2.0,0,0,loss,GROUP_STANDINGS,2004-06-21,0,16
2004,England,ENG,Croatia,4.0,2.0,4.0,0,0,win,GROUP_STANDINGS,2004-06-21,0,16
2004,Switzerland,SUI,France,1.0,3.0,1.0,0,0,loss,GROUP_STANDINGS,2004-06-21,0,16
2004,France,FRA,Switzerland,3.0,1.0,3.0,0,0,win,GROUP_STANDINGS,2004-06-21,0,16
2004,Russia,RUS,Greece,2.0,1.0,2.0,0,0,win,GROUP_STANDINGS,2004-06-20,0,16
2004,Greece,GRE,Russia,1.0,2.0,1.0,0,0,loss,GROUP_STANDINGS,2004-06-20,0,16
2004,Spain,ESP,Portugal,0.0,1.0,0.0,0,0,loss,GROUP_STANDINGS,2004-06-20,0,16
2004,Portugal,POR,Spain,1.0,0.0,1.0,0,0,win,GROUP_STANDINGS,2004-06-20,0,16
2004,Netherlands,NED,Czechia,2.0,3.0,2.0,0,0,loss,GROUP_STANDINGS,2004-06-19,1,16
2004,Czechia,CZE,Netherlands,3.0,2.0,3.0,0,0,win,GROUP_STANDINGS,2004-06-19,1,16
2004,Latvia,LVA,Germany,0.0,0.0,0.0,0,0,draw,GROUP_STANDINGS,2004-06-19,0,16
2004,Germany,GER,Latvia,0.0,0.0,0.0,0,0,draw,GROUP_STANDINGS,2004-06-19,0,16
2004,Italy,ITA,Sweden,1.0,1.0,1.0,0,0,draw,GROUP_STANDINGS,2004-06-18,0,16
2004,Sweden,SWE,Italy,1.0,1.0,1.0,0,0,draw,GROUP_STANDINGS,2004-06-18,0,16
2004,Bulgaria,BUL,Denmark,0.0,2.0,0.0,0,0,loss,GROUP_STANDINGS,2004-06-18,1,16
2004,Denmark,DEN,Bulgaria,2.0,0.0,2.0,0,0,win,GROUP_STANDINGS,2004-06-18,1,16
2004,Croatia,CRO,France,2.0,2.0,0.0,1,1,draw,GROUP_STANDINGS,2004-06-17,0,16
2004,France,FRA,Croatia,2.0,2.0,2.0,0,0,draw,GROUP_STANDINGS,2004-06-17,0,16
2004,England,ENG,Switzerland,3.0,0.0,3.0,0,0,win,GROUP_STANDINGS,2004-06-17,1,16
2004,Switzerland,SUI,England,0.0,3.0,0.0,0,0,loss,GROUP_STANDINGS,2004-06-17,1,16
2004,Russia,RUS,Portugal,0.0,2.0,0.0,0,0,loss,GROUP_STANDINGS,2004-06-16,1,16
2004,Portugal,POR,Russia,2.0,0.0,2.0,0,0,win,GROUP_STANDINGS,2004-06-16,1,16
2004,Greece,GRE,Spain,1.0,1.0,1.0,0,0,draw,GROUP_STANDINGS,2004-06-16,0,16
2004,Spain,ESP,Greece,1.0,1.0,1.0,0,0,draw,GROUP_STANDINGS,2004-06-16,0,16
2004,Germany,GER,Netherlands,1.0,1.0,1.0,0,0,draw,GROUP_STANDINGS,2004-06-15,0,16
2004,Netherlands,NED,Germany,1.0,1.0,1.0,0,0,draw,GROUP_STANDINGS,2004-06-15,0,16
2004,Czechia,CZE,Latvia,2.0,1.0,2.0,0,0,win,GROUP_STANDINGS,2004-06-15,0,16
2004,Latvia,LVA,Czechia,1.0,2.0,1.0,0,0,loss,GROUP_STANDINGS,2004-06-15,0,16
2004,Sweden,SWE,Bulgaria,5.0,0.0,4.0,0,1,win,GROUP_STANDINGS,2004-06-14,0,16
2004,Bulgaria,BUL,Sweden,0.0,5.0,0.0,0,0,loss,GROUP_STANDINGS,2004-06-14,0,16
2004,Denmark,DEN,Italy,0.0,0.0,0.0,0,0,draw,GROUP_STANDINGS,2004-06-14,0,16
2004,Italy,ITA,Denmark,0.0,0.0,0.0,0,0,draw,GROUP_STANDINGS,2004-06-14,0,16
2004,France,FRA,England,2.0,1.0,1.0,0,1,win,GROUP_STANDINGS,2004-06-13,0,16
2004,England,ENG,France,1.0,2.0,1.0,0,0,loss,GROUP_STANDINGS,2004-06-13,0,16
2004,Switzerland,SUI,Croatia,0.0,0.0,0.0,0,0,draw,GROUP_STANDINGS,2004-06-13,1,16
2004,Croatia,CRO,Switzerland,0.0,0.0,0.0,0,0,draw,GROUP_STANDINGS,2004-06-13,1,16
2004,Spain,ESP,Russia,1.0,0.0,1.0,0,0,win,GROUP_STANDINGS,2004-06-12,1,16
2004,Russia,RUS,Spain,0.0,1.0,0.0,0,0,loss,GROUP_STANDINGS,2004-06-12,1,16
2004,Portugal,POR,Greece,1.0,2.0,0.0,0,1,loss,GROUP_STANDINGS,2004-06-12,0,16
2004,Greece,GRE,Portugal,2.0,1.0,2.0,0,0,win,GROUP_STANDINGS,2004-06-12,0,16
2008,Germany,GER,Spain,0.0,1.0,0.0,0,0,loss,FINAL,2008-06-29,0,16
2008,Spain,ESP,Germany,1.0,0.0,1.0,0,0,win,FINAL,2008-06-29,0,16
2008,Russia,RUS,Spain,0.0,3.0,0.0,0,0,loss,SEMIFINAL,2008-06-26,0,16
2008,Spain,ESP,Russia,3.0,0.0,3.0,0,0,win,SEMIFINAL,2008-06-26,0,16
2008,Germany,GER,Turkey,3.0,2.0,3.0,0,0,win,SEMIFINAL,2008-06-25,0,16
2008,Turkey,TUR,Germany,2.0,3.0,2.0,0,0,loss,SEMIFINAL,2008-06-25,0,16
2008,Spain,ESP,Italy,0.0,0.0,0.0,0,0,draw,QUARTER_FINALS,2008-06-22,0,16
2008,Italy,ITA,Spain,0.0,0.0,0.0,0,0,draw,QUARTER_FINALS,2008-06-22,0,16
2008,Netherlands,NED,Russia,1.0,3.0,1.0,0,0,loss,QUARTER_FINALS,2008-06-21,0,16
2008,Russia,RUS,Netherlands,3.0,1.0,3.0,0,0,win,QUARTER_FINALS,2008-06-21,0,16
2008,Croatia,CRO,Turkey,1.0,1.0,1.0,0,0,draw,QUARTER_FINALS,2008-06-20,0,16
2008,Turkey,TUR,Croatia,1.0,1.0,1.0,0,0,draw,QUARTER_FINALS,2008-06-20,0,16
2008,Portugal,POR,Germany,2.0,3.0,2.0,0,0,loss,QUARTER_FINALS,2008-06-19,0,16
2008,Germany,GER,Portugal,3.0,2.0,3.0,0,0,win,QUARTER_FINALS,2008-06-19,0,16
2008,Russia,RUS,Sweden,2.0,0.0,2.0,0,0,win,GROUP_STANDINGS,2008-06-18,0,16
2008,Sweden,SWE,Russia,0.0,2.0,0.0,0,0,loss,GROUP_STANDINGS,2008-06-18,0,16
2008,Greece,GRE,Spain,1.0,2.0,1.0,0,0,loss,GROUP_STANDINGS,2008-06-18,0,16
2008,Spain,ESP,Greece,2.0,1.0,2.0,0,0,win,GROUP_STANDINGS,2008-06-18,0,16
2008,France,FRA,Italy,0.0,2.0,-1.0,0,1,loss,GROUP_STANDINGS,2008-06-17,1,16
2008,Italy,ITA,France,2.0,0.0,2.0,0,0,win,GROUP_STANDINGS,2008-06-17,1,16
2008,Netherlands,NED,Romania,2.0,0.0,2.0,0,0,win,GROUP_STANDINGS,2008-06-17,0,16
2008,Romania,ROU,Netherlands,0.0,2.0,0.0,0,0,loss,GROUP_STANDINGS,2008-06-17,0,16
2008,Austria,AUT,Germany,0.0,1.0,0.0,0,0,loss,GROUP_STANDINGS,2008-06-16,0,16
2008,Germany,GER,Austria,1.0,0.0,1.0,0,0,win,GROUP_STANDINGS,2008-06-16,0,16
2008,Poland,POL,Croatia,0.0,1.0,0.0,0,0,loss,GROUP_STANDINGS,2008-06-16,0,16
2008,Croatia,CRO,Poland,1.0,0.0,1.0,0,0,win,GROUP_STANDINGS,2008-06-16,0,16
2008,Turkey,TUR,Czechia,3.0,2.0,3.0,0,0,win,GROUP_STANDINGS,2008-06-15,1,16
2008,Czechia,CZE,Turkey,2.0,3.0,2.0,0,0,loss,GROUP_STANDINGS,2008-06-15,1,16
2008,Switzerland,SUI,Portugal,2.0,0.0,1.0,0,1,win,GROUP_STANDINGS,2008-06-15,0,16
2008,Portugal,POR,Switzerland,0.0,2.0,0.0,0,0,loss,GROUP_STANDINGS,2008-06-15,0,16
2008,Greece,GRE,Russia,0.0,1.0,0.0,0,0,loss,GROUP_STANDINGS,2008-06-14,0,16
2008,Russia,RUS,Greece,1.0,0.0,1.0,0,0,win,GROUP_STANDINGS,2008-06-14,0,16
2008,Sweden,SWE,Spain,1.0,2.0,1.0,0,0,loss,GROUP_STANDINGS,2008-06-14,0,16
2008,Spain,ESP,Sweden,2.0,1.0,2.0,0,0,win,GROUP_STANDINGS,2008-06-14,0,16
2008,Netherlands,NED,France,4.0,1.0,4.0,0,0,win,GROUP_STANDINGS,2008-06-13,0,16
2008,France,FRA,Netherlands,1.0,4.0,1.0,0,0,loss,GROUP_STANDINGS,2008-06-13,0,16
2008,Italy,ITA,Romania,1.0,1.0,1.0,0,0,draw,GROUP_STANDINGS,2008-06-13,0,16
2008,Romania,ROU,Italy,1.0,1.0,1.0,0,0,draw,GROUP_STANDINGS,2008-06-13,0,16
2008,Austria,AUT,Poland,1.0,1.0,0.0,0,1,draw,GROUP_STANDINGS,2008-06-12,0,16
2008,Poland,POL,Austria,1.0,1.0,1.0,0,0,draw,GROUP_STANDINGS,2008-06-12,0,16
2008,Croatia,CRO,Germany,2.0,1.0,2.0,0,0,win,GROUP_STANDINGS,2008-06-12,1,16
2008,Germany,GER,Croatia,1.0,2.0,1.0,0,0,loss,GROUP_STANDINGS,2008-06-12,1,16
2008,Switzerland,SUI,Turkey,1.0,2.0,1.0,0,0,loss,GROUP_STANDINGS,2008-06-11,0,16
2008,Turkey,TUR,Switzerland,2.0,1.0,2.0,0,0,win,GROUP_STANDINGS,2008-06-11,0,16
2008,Czechia,CZE,Portugal,1.0,3.0,1.0,0,0,loss,GROUP_STANDINGS,2008-06-11,0,16
2008,Portugal,POR,Czechia,3.0,1.0,3.0,0,0,win,GROUP_STANDINGS,2008-06-11,0,16
2008,Greece,GRE,Sweden,0.0,2.0,0.0,0,0,loss,GROUP_STANDINGS,2008-06-10,0,16
2008,Sweden,SWE,Greece,2.0,0.0,2.0,0,0,win,GROUP_STANDINGS,2008-06-10,0,16
2008,Spain,ESP,Russia,4.0,1.0,4.0,0,0,win,GROUP_STANDINGS,2008-06-10,0,16
2008,Russia,RUS,Spain,1.0,4.0,1.0,0,0,loss,GROUP_STANDINGS,2008-06-10,0,16
2008,Netherlands,NED,Italy,3.0,0.0,3.0,0,0,win,GROUP_STANDINGS,2008-06-09,0,16
2008,Italy,ITA,Netherlands,0.0,3.0,0.0,0,0,loss,GROUP_STANDINGS,2008-06-09,0,16
2008,Romania,ROU,France,0.0,0.0,0.0,0,0,draw,GROUP_STANDINGS,2008-06-09,0,16
2008,France,FRA,Romania,0.0,0.0,0.0,0,0,draw,GROUP_STANDINGS,2008-06-09,0,16
2008,Germany,GER,Poland,2.0,0.0,2.0,0,0,win,GROUP_STANDINGS,2008-06-08,0,16
2008,Poland,POL,Germany,0.0,2.0,0.0,0,0,loss,GROUP_STANDINGS,2008-06-08,0,16
2008,Austria,AUT,Croatia,0.0,1.0,-1.0,0,1,loss,GROUP_STANDINGS,2008-06-08,0,16
2008,Croatia,CRO,Austria,1.0,0.0,1.0,0,0,win,GROUP_STANDINGS,2008-06-08,0,16
2008,Portugal,POR,Turkey,2.0,0.0,2.0,0,0,win,GROUP_STANDINGS,2008-06-07,0,16
2008,Turkey,TUR,Portugal,0.0,2.0,0.0,0,0,loss,GROUP_STANDINGS,2008-06-07,0,16
2008,Switzerland,SUI,Czechia,0.0,1.0,0.0,0,0,loss,GROUP_STANDINGS,2008-06-07,0,16
2008,Czechia,CZE,Switzerland,1.0,0.0,1.0,0,0,win,GROUP_STANDINGS,2008-06-07,0,16
2012,Spain,ESP,Italy,4.0,0.0,4.0,0,0,win,FINAL,2012-07-01,0,16
2012,Italy,ITA,Spain,0.0,4.0,0.0,0,0,loss,FINAL,2012-07-01,0,16
2012,Germany,GER,Italy,1.0,2.0,0.0,0,1,loss,SEMIFINAL,2012-06-28,0,16
2012,Italy,ITA,Germany,2.0,1.0,2.0,0,0,win,SEMIFINAL,2012-06-28,0,16
2012,Portugal,POR,Spain,0.0,0.0,0.0,0,0,draw,SEMIFINAL,2012-06-27,0,16
2012,Spain,ESP,Portugal,0.0,0.0,0.0,0,0,draw,SEMIFINAL,2012-06-27,0,16
2012,England,ENG,Italy,0.0,0.0,0.0,0,0,draw,QUARTER_FINALS,2012-06-24,0,16
2012,Italy,ITA,England,0.0,0.0,0.0,0,0,draw,QUARTER_FINALS,2012-06-24,0,16
2012,Spain,ESP,France,2.0,0.0,1.0,0,1,win,QUARTER_FINALS,2012-06-23,0,16
2012,France,FRA,Spain,0.0,2.0,0.0,0,0,loss,QUARTER_FINALS,2012-06-23,0,16
2012,Germany,GER,Greece,4.0,2.0,3.0,0,1,win,QUARTER_FINALS,2012-06-22,0,16
2012,Greece,GRE,Germany,2.0,4.0,2.0,0,0,loss,QUARTER_FINALS,2012-06-22,0,16
2012,Czechia,CZE,Portugal,0.0,1.0,0.0,0,0,loss,QUARTER_FINALS,2012-06-21,0,16
2012,Portugal,POR,Czechia,1.0,0.0,1.0,0,0,win,QUARTER_FINALS,2012-06-21,0,16
2012,Sweden,SWE,France,2.0,0.0,2.0,0,0,win,GROUP_STANDINGS,2012-06-19,0,16
2012,France,FRA,Sweden,0.0,2.0,0.0,0,0,loss,GROUP_STANDINGS,2012-06-19,0,16
2012,England,ENG,Ukraine,1.0,0.0,1.0,0,0,win,GROUP_STANDINGS,2012-06-19,0,16
2012,Ukraine,UKR,England,0.0,1.0,0.0,0,0,loss,GROUP_STANDINGS,2012-06-19,0,16
2012,Italy,ITA,Ireland,2.0,0.0,2.0,0,0,win,GROUP_STANDINGS,2012-06-18,1,16
2012,Ireland,IRL,Italy,0.0,2.0,0.0,0,0,loss,GROUP_STANDINGS,2012-06-18,1,16
2012,Croatia,CRO,Spain,0.0,1.0,0.0,0,0,loss,GROUP_STANDINGS,2012-06-18,0,16
2012,Spain,ESP,Croatia,1.0,0.0,1.0,0,0,win,GROUP_STANDINGS,2012-06-18,0,16
2012,Denmark,DEN,Germany,1.0,2.0,1.0,0,0,loss,GROUP_STANDINGS,2012-06-17,0,16
2012,Germany,GER,Denmark,2.0,1.0,2.0,0,0,win,GROUP_STANDINGS,2012-06-17,0,16
2012,Portugal,POR,Netherlands,2.0,1.0,2.0,0,0,win,GROUP_STANDINGS,2012-06-17,0,16
2012,Netherlands,NED,Portugal,1.0,2.0,1.0,0,0,loss,GROUP_STANDINGS,2012-06-17,0,16
2012,Greece,GRE,Russia,1.0,0.0,1.0,0,0,win,GROUP_STANDINGS,2012-06-16,0,16
2012,Russia,RUS,Greece,0.0,1.0,0.0,0,0,loss,GROUP_STANDINGS,2012-06-16,0,16
2012,Czechia,CZE,Poland,1.0,0.0,1.0,0,0,win,GROUP_STANDINGS,2012-06-16,0,16
2012,Poland,POL,Czechia,0.0,1.0,0.0,0,0,loss,GROUP_STANDINGS,2012-06-16,0,16
2012,Sweden,SWE,England,2.0,3.0,1.0,1,0,loss,GROUP_STANDINGS,2012-06-15,0,16
2012,England,ENG,Sweden,3.0,2.0,3.0,0,0,win,GROUP_STANDINGS,2012-06-15,0,16
2012,Ukraine,UKR,France,0.0,2.0,0.0,0,0,loss,GROUP_STANDINGS,2012-06-15,0,16
2012,France,FRA,Ukraine,2.0,0.0,2.0,0,0,win,GROUP_STANDINGS,2012-06-15,0,16
2012,Spain,ESP,Ireland,4.0,0.0,4.0,0,0,win,GROUP_STANDINGS,2012-06-14,0,16
2012,Ireland,IRL,Spain,0.0,4.0,0.0,0,0,loss,GROUP_STANDINGS,2012-06-14,0,16
2012,Italy,ITA,Croatia,1.0,1.0,1.0,0,0,draw,GROUP_STANDINGS,2012-06-14,0,16
2012,Croatia,CRO,Italy,1.0,1.0,1.0,0,0,draw,GROUP_STANDINGS,2012-06-14,0,16
2012,Netherlands,NED,Germany,1.0,2.0,1.0,0,0,loss,GROUP_STANDINGS,2012-06-13,0,16
2012,Germany,GER,Netherlands,2.0,1.0,2.0,0,0,win,GROUP_STANDINGS,2012-06-13,0,16
2012,Denmark,DEN,Portugal,2.0,3.0,2.0,0,0,loss,GROUP_STANDINGS,2012-06-13,0,16
2012,Portugal,POR,Denmark,3.0,2.0,3.0,0,0,win,GROUP_STANDINGS,2012-06-13,0,16
2012,Poland,POL,Russia,1.0,1.0,1.0,0,0,draw,GROUP_STANDINGS,2012-06-12,0,16
2012,Russia,RUS,Poland,1.0,1.0,1.0,0,0,draw,GROUP_STANDINGS,2012-06-12,0,16
2012,Greece,GRE,Czechia,1.0,2.0,1.0,0,0,loss,GROUP_STANDINGS,2012-06-12,0,16
2012,Czechia,CZE,Greece,2.0,1.0,2.0,0,0,win,GROUP_STANDINGS,2012-06-12,0,16
2012,Ukraine,UKR,Sweden,2.0,1.0,2.0,0,0,win,GROUP_STANDINGS,2012-06-11,0,16
2012,Sweden,SWE,Ukraine,1.0,2.0,1.0,0,0,loss,GROUP_STANDINGS,2012-06-11,0,16
2012,France,FRA,England,1.0,1.0,1.0,0,0,draw,GROUP_STANDINGS,2012-06-11,0,16
2012,England,ENG,France,1.0,1.0,1.0,0,0,draw,GROUP_STANDINGS,2012-06-11,0,16
2012,Ireland,IRL,Croatia,1.0,3.0,1.0,0,0,loss,GROUP_STANDINGS,2012-06-10,0,16
2012,Croatia,CRO,Ireland,3.0,1.0,3.0,0,0,win,GROUP_STANDINGS,2012-06-10,0,16
2012,Spain,ESP,Italy,1.0,1.0,1.0,0,0,draw,GROUP_STANDINGS,2012-06-10,0,16
2012,Italy,ITA,Spain,1.0,1.0,1.0,0,0,draw,GROUP_STANDINGS,2012-06-10,0,16
2012,Germany,GER,Portugal,1.0,0.0,1.0,0,0,win,GROUP_STANDINGS,2012-06-09,0,16
2012,Portugal,POR,Germany,0.0,1.0,0.0,0,0,loss,GROUP_STANDINGS,2012-06-09,0,16
2012,Netherlands,NED,Denmark,0.0,1.0,0.0,0,0,loss,GROUP_STANDINGS,2012-06-09,0,16
2012,Denmark,DEN,Netherlands,1.0,0.0,1.0,0,0,win,GROUP_STANDINGS,2012-06-09,0,16
2012,Russia,RUS,Czechia,4.0,1.0,4.0,0,0,win,GROUP_STANDINGS,2012-06-08,0,16
2012,Czechia,CZE,Russia,1.0,4.0,1.0,0,0,loss,GROUP_STANDINGS,2012-06-08,0,16
2012,Poland,POL,Greece,1.0,1.0,1.0,0,0,draw,GROUP_STANDINGS,2012-06-08,2,16
2012,Greece,GRE,Poland,1.0,1.0,1.0,0,0,draw,GROUP_STANDINGS,2012-06-08,2,16
2016,Portugal,POR,France,1.0,0.0,1.0,0,0,win,FINAL,2016-07-10,0,24
2016,France,FRA,Portugal,0.0,1.0,0.0,0,0,loss,FINAL,2016-07-10,0,24
2016,Germany,GER,France,0.0,2.0,-1.0,0,1,loss,SEMIFINAL,2016-07-07,0,24
2016,France,FRA,Germany,2.0,0.0,2.0,0,0,win,SEMIFINAL,2016-07-07,0,24
2016,Portugal,POR,Wales,2.0,0.0,2.0,0,0,win,SEMIFINAL,2016-07-06,0,24
2016,Wales,WAL,Portugal,0.0,2.0,0.0,0,0,loss,SEMIFINAL,2016-07-06,0,24
2016,France,FRA,Iceland,5.0,2.0,5.0,0,0,win,QUARTER_FINALS,2016-07-03,0,24
2016,Iceland,ISL,France,2.0,5.0,2.0,0,0,loss,QUARTER_FINALS,2016-07-03,0,24
2016,Germany,GER,Italy,1.0,1.0,0.0,0,1,draw,QUARTER_FINALS,2016-07-02,0,24
2016,Italy,ITA,Germany,1.0,1.0,1.0,0,0,draw,QUARTER_FINALS,2016-07-02,0,24
2016,Wales,WAL,Belgium,3.0,1.0,3.0,0,0,win,QUARTER_FINALS,2016-07-01,0,24
2016,Belgium,BEL,Wales,1.0,3.0,1.0,0,0,loss,QUARTER_FINALS,2016-07-01,0,24
2016,Poland,POL,Portugal,1.0,1.0,1.0,0,0,draw,QUARTER_FINALS,2016-06-30,0,24
2016,Portugal,POR,Poland,1.0,1.0,1.0,0,0,draw,QUARTER_FINALS,2016-06-30,0,24
2016,England,ENG,Iceland,1.0,2.0,0.0,0,1,loss,ROUND_OF_16,2016-06-27,0,24
2016,Iceland,ISL,England,2.0,1.0,2.0,0,0,win,ROUND_OF_16,2016-06-27,0,24
2016,Italy,ITA,Spain,2.0,0.0,2.0,0,0,win,ROUND_OF_16,2016-06-27,0,24
2016,Spain,ESP,Italy,0.0,2.0,0.0,0,0,loss,ROUND_OF_16,2016-06-27,0,24
2016,Hungary,HUN,Belgium,0.0,4.0,0.0,0,0,loss,ROUND_OF_16,2016-06-26,0,24
2016,Belgium,BEL,Hungary,4.0,0.0,4.0,0,0,win,ROUND_OF_16,2016-06-26,0,24
2016,Germany,GER,Slovakia,3.0,0.0,3.0,0,0,win,ROUND_OF_16,2016-06-26,0,24
2016,Slovakia,SVK,Germany,0.0,3.0,0.0,0,0,loss,ROUND_OF_16,2016-06-26,0,24
2016,France,FRA,Ireland,2.0,1.0,1.0,0,1,win,ROUND_OF_16,2016-06-26,1,24
2016,Ireland,IRL,France,1.0,2.0,1.0,0,0,loss,ROUND_OF_16,2016-06-26,1,24
2016,Croatia,CRO,Portugal,0.0,1.0,0.0,0,0,loss,ROUND_OF_16,2016-06-25,0,24
2016,Portugal,POR,Croatia,1.0,0.0,1.0,0,0,win,ROUND_OF_16,2016-06-25,0,24
2016,Wales,WAL,Northern Ireland,1.0,0.0,0.0,1,0,win,ROUND_OF_16,2016-06-25,0,24
2016,Northern Ireland,NIR,Wales,0.0,1.0,0.0,0,0,loss,ROUND_OF_16,2016-06-25,0,24
2016,Switzerland,SUI,Poland,1.0,1.0,1.0,0,0,draw,ROUND_OF_16,2016-06-25,0,24
2016,Poland,POL,Switzerland,1.0,1.0,1.0,0,0,draw,ROUND_OF_16,2016-06-25,0,24
2016,Sweden,SWE,Belgium,0.0,1.0,0.0,0,0,loss,GROUP_STANDINGS,2016-06-22,0,24
2016,Belgium,BEL,Sweden,1.0,0.0,1.0,0,0,win,GROUP_STANDINGS,2016-06-22,0,24
2016,Italy,ITA,Ireland,0.0,1.0,0.0,0,0,loss,GROUP_STANDINGS,2016-06-22,0,24
2016,Ireland,IRL,Italy,1.0,0.0,1.0,0,0,win,GROUP_STANDINGS,2016-06-22,0,24
2016,Hungary,HUN,Portugal,3.0,3.0,3.0,0,0,draw,GROUP_STANDINGS,2016-06-22,0,24
2016,Portugal,POR,Hungary,3.0,3.0,3.0,0,0,draw,GROUP_STANDINGS,2016-06-22,0,24
2016,Iceland,ISL,Austria,2.0,1.0,2.0,0,0,win,GROUP_STANDINGS,2016-06-22,0,24
2016,Austria,AUT,Iceland,1.0,2.0,1.0,0,0,loss,GROUP_STANDINGS,2016-06-22,0,24
2016,Croatia,CRO,Spain,2.0,1.0,2.0,0,0,win,GROUP_STANDINGS,2016-06-21,0,24
2016,Spain,ESP,Croatia,1.0,2.0,1.0,0,0,loss,GROUP_STANDINGS,2016-06-21,0,24
2016,Czechia,CZE,Turkey,0.0,2.0,0.0,0,0,loss,GROUP_STANDINGS,2016-06-21,0,24
2016,Turkey,TUR,Czechia,2.0,0.0,2.0,0,0,win,GROUP_STANDINGS,2016-06-21,0,24
2016,Northern Ireland,NIR,Germany,0.0,1.0,0.0,0,0,loss,GROUP_STANDINGS,2016-06-21,0,24
2016,Germany,GER,Northern Ireland,1.0,0.0,1.0,0,0,win,GROUP_STANDINGS,2016-06-21,0,24
2016,Ukraine,UKR,Poland,0.0,1.0,0.0,0,0,loss,GROUP_STANDINGS,2016-06-21,0,24
2016,Poland,POL,Ukraine,1.0,0.0,1.0,0,0,win,GROUP_STANDINGS,2016-06-21,0,24
2016,Slovakia,SVK,England,0.0,0.0,0.0,0,0,draw,GROUP_STANDINGS,2016-06-20,0,24
2016,England,ENG,Slovakia,0.0,0.0,0.0,0,0,draw,GROUP_STANDINGS,2016-06-20,0,24
2016,Russia,RUS,Wales,0.0,3.0,0.0,0,0,loss,GROUP_STANDINGS,2016-06-20,0,24
2016,Wales,WAL,Russia,3.0,0.0,3.0,0,0,win,GROUP_STANDINGS,2016-06-20,0,24
2016,Switzerland,SUI,France,0.0,0.0,0.0,0,0,draw,GROUP_STANDINGS,2016-06-19,0,24
2016,France,FRA,Switzerland,0.0,0.0,0.0,0,0,draw,GROUP_STANDINGS,2016-06-19,0,24
2016,Romania,ROU,Albania,0.0,1.0,0.0,0,0,loss,GROUP_STANDINGS,2016-06-19,0,24
2016,Albania,ALB,Romania,1.0,0.0,1.0,0,0,win,GROUP_STANDINGS,2016-06-19,0,24
2016,Portugal,POR,Austria,0.0,0.0,0.0,0,0,draw,GROUP_STANDINGS,2016-06-18,0,24
2016,Austria,AUT,Portugal,0.0,0.0,0.0,0,0,draw,GROUP_STANDINGS,2016-06-18,0,24
2016,Iceland,ISL,Hungary,1.0,1.0,-1.0,1,1,draw,GROUP_STANDINGS,2016-06-18,0,24
2016,Hungary,HUN,Iceland,1.0,1.0,1.0,0,0,draw,GROUP_STANDINGS,2016-06-18,0,24
2016,Belgium,BEL,Ireland,3.0,0.0,3.0,0,0,win,GROUP_STANDINGS,2016-06-18,0,24
2016,Ireland,IRL,Belgium,0.0,3.0,0.0,0,0,loss,GROUP_STANDINGS,2016-06-18,0,24
2016,Spain,ESP,Turkey,3.0,0.0,3.0,0,0,win,GROUP_STANDINGS,2016-06-17,0,24
2016,Turkey,TUR,Spain,0.0,3.0,0.0,0,0,loss,GROUP_STANDINGS,2016-06-17,0,24
2016,Czechia,CZE,Croatia,2.0,2.0,1.0,0,1,draw,GROUP_STANDINGS,2016-06-17,0,24
2016,Croatia,CRO,Czechia,2.0,2.0,2.0,0,0,draw,GROUP_STANDINGS,2016-06-17,0,24
2016,Italy,ITA,Sweden,1.0,0.0,1.0,0,0,win,GROUP_STANDINGS,2016-06-17,0,24
2016,Sweden,SWE,Italy,0.0,1.0,0.0,0,0,loss,GROUP_STANDINGS,2016-06-17,0,24
2016,Germany,GER,Poland,0.0,0.0,0.0,0,0,draw,GROUP_STANDINGS,2016-06-16,0,24
2016,Poland,POL,Germany,0.0,0.0,0.0,0,0,draw,GROUP_STANDINGS,2016-06-16,0,24
2016,Ukraine,UKR,Northern Ireland,0.0,2.0,0.0,0,0,loss,GROUP_STANDINGS,2016-06-16,0,24
2016,Northern Ireland,NIR,Ukraine,2.0,0.0,2.0,0,0,win,GROUP_STANDINGS,2016-06-16,0,24
2016,England,ENG,Wales,2.0,1.0,2.0,0,0,win,GROUP_STANDINGS,2016-06-16,0,24
2016,Wales,WAL,England,1.0,2.0,1.0,0,0,loss,GROUP_STANDINGS,2016-06-16,0,24
2016,France,FRA,Albania,2.0,0.0,2.0,0,0,win,GROUP_STANDINGS,2016-06-15,0,24
2016,Albania,ALB,France,0.0,2.0,0.0,0,0,loss,GROUP_STANDINGS,2016-06-15,0,24
2016,Romania,ROU,Switzerland,1.0,1.0,0.0,0,1,draw,GROUP_STANDINGS,2016-06-15,0,24
2016,Switzerland,SUI,Romania,1.0,1.0,1.0,0,0,draw,GROUP_STANDINGS,2016-06-15,0,24
2016,Russia,RUS,Slovakia,1.0,2.0,1.0,0,0,loss,GROUP_STANDINGS,2016-06-15,0,24
2016,Slovakia,SVK,Russia,2.0,1.0,2.0,0,0,win,GROUP_STANDINGS,2016-06-15,0,24
2016,Portugal,POR,Iceland,1.0,1.0,1.0,0,0,draw,GROUP_STANDINGS,2016-06-14,0,24
2016,Iceland,ISL,Portugal,1.0,1.0,1.0,0,0,draw,GROUP_STANDINGS,2016-06-14,0,24
2016,Austria,AUT,Hungary,0.0,2.0,0.0,0,0,loss,GROUP_STANDINGS,2016-06-14,1,24
2016,Hungary,HUN,Austria,2.0,0.0,2.0,0,0,win,GROUP_STANDINGS,2016-06-14,1,24
2016,Belgium,BEL,Italy,0.0,2.0,0.0,0,0,loss,GROUP_STANDINGS,2016-06-13,0,24
2016,Italy,ITA,Belgium,2.0,0.0,2.0,0,0,win,GROUP_STANDINGS,2016-06-13,0,24
2016,Ireland,IRL,Sweden,1.0,1.0,0.0,1,0,draw,GROUP_STANDINGS,2016-06-13,0,24
2016,Sweden,SWE,Ireland,1.0,1.0,1.0,0,0,draw,GROUP_STANDINGS,2016-06-13,0,24
2016,Spain,ESP,Czechia,1.0,0.0,1.0,0,0,win,GROUP_STANDINGS,2016-06-13,0,24
2016,Czechia,CZE,Spain,0.0,1.0,0.0,0,0,loss,GROUP_STANDINGS,2016-06-13,0,24
2016,Germany,GER,Ukraine,2.0,0.0,2.0,0,0,win,GROUP_STANDINGS,2016-06-12,0,24
2016,Ukraine,UKR,Germany,0.0,2.0,0.0,0,0,loss,GROUP_STANDINGS,2016-06-12,0,24
2016,Poland,POL,Northern Ireland,1.0,0.0,1.0,0,0,win,GROUP_STANDINGS,2016-06-12,0,24
2016,Northern Ireland,NIR,Poland,0.0,1.0,0.0,0,0,loss,GROUP_STANDINGS,2016-06-12,0,24
2016,Turkey,TUR,Croatia,0.0,1.0,0.0,0,0,loss,GROUP_STANDINGS,2016-06-12,0,24
2016,Croatia,CRO,Turkey,1.0,0.0,1.0,0,0,win,GROUP_STANDINGS,2016-06-12,0,24
2016,England,ENG,Russia,1.0,1.0,1.0,0,0,draw,GROUP_STANDINGS,2016-06-11,0,24
2016,Russia,RUS,England,1.0,1.0,1.0,0,0,draw,GROUP_STANDINGS,2016-06-11,0,24
2016,Wales,WAL,Slovakia,2.0,1.0,2.0,0,0,win,GROUP_STANDINGS,2016-06-11,0,24
2016,Slovakia,SVK,Wales,1.0,2.0,1.0,0,0,loss,GROUP_STANDINGS,2016-06-11,0,24
2016,Albania,ALB,Switzerland,0.0,1.0,0.0,0,0,loss,GROUP_STANDINGS,2016-06-11,1,24
2016,Switzerland,SUI,Albania,1.0,0.0,1.0,0,0,win,GROUP_STANDINGS,2016-06-11,1,24
2016,France,FRA,Romania,2.0,1.0,1.0,0,1,win,GROUP_STANDINGS,2016-06-10,0,24
2016,Romania,ROU,France,1.0,2.0,1.0,0,0,loss,GROUP_STANDINGS,2016-06-10,0,24
2020,Italy,ITA,England,1.0,1.0,1.0,0,0,draw,FINAL,2021-07-11,0,24
2020,England,ENG,Italy,1.0,1.0,1.0,0,0,draw,FINAL,2021-07-11,0,24
2020,England,ENG,Denmark,2.0,1.0,1.0,1,0,win,SEMIFINAL,2021-07-07,0,24
2020,Denmark,DEN,England,1.0,2.0,1.0,0,0,loss,SEMIFINAL,2021-07-07,0,24
2020,Italy,ITA,Spain,1.0,1.0,1.0,0,0,draw,SEMIFINAL,2021-07-06,0,24
2020,Spain,ESP,Italy,1.0,1.0,1.0,0,0,draw,SEMIFINAL,2021-07-06,0,24
2020,Ukraine,UKR,England,0.0,4.0,0.0,0,0,loss,QUARTER_FINALS,2021-07-03,0,24
2020,England,ENG,Ukraine,4.0,0.0,4.0,0,0,win,QUARTER_FINALS,2021-07-03,0,24
2020,Czechia,CZE,Denmark,1.0,2.0,1.0,0,0,loss,QUARTER_FINALS,2021-07-03,0,24
2020,Denmark,DEN,Czechia,2.0,1.0,2.0,0,0,win,QUARTER_FINALS,2021-07-03,0,24
2020,Belgium,BEL,Italy,1.0,2.0,0.0,0,1,loss,QUARTER_FINALS,2021-07-02,0,24
2020,Italy,ITA,Belgium,2.0,1.0,2.0,0,0,win,QUARTER_FINALS,2021-07-02,0,24
2020,Switzerland,SUI,Spain,1.0,1.0,0.0,1,0,draw,QUARTER_FINALS,2021-07-02,1,24
2020,Spain,ESP,Switzerland,1.0,1.0,1.0,0,0,draw,QUARTER_FINALS,2021-07-02,1,24
2020,Sweden,SWE,Ukraine,1.0,2.0,1.0,0,0,loss,ROUND_OF_16,2021-06-29,1,24
2020,Ukraine,UKR,Sweden,2.0,1.0,2.0,0,0,win,ROUND_OF_16,2021-06-29,1,24
2020,England,ENG,Germany,2.0,0.0,2.0,0,0,win,ROUND_OF_16,2021-06-29,0,24
2020,Germany,GER,England,0.0,2.0,0.0,0,0,loss,ROUND_OF_16,2021-06-29,0,24
2020,France,FRA,Switzerland,3.0,3.0,3.0,0,0,draw,ROUND_OF_16,2021-06-28,0,24
2020,Switzerland,SUI,France,3.0,3.0,3.0,0,0,draw,ROUND_OF_16,2021-06-28,0,24
2020,Croatia,CRO,Spain,3.0,5.0,2.0,1,0,loss,ROUND_OF_16,2021-06-28,0,24
2020,Spain,ESP,Croatia,5.0,3.0,5.0,0,0,win,ROUND_OF_16,2021-06-28,0,24
2020,Belgium,BEL,Portugal,1.0,0.0,1.0,0,0,win,ROUND_OF_16,2021-06-27,0,24
2020,Portugal,POR,Belgium,0.0,1.0,0.0,0,0,loss,ROUND_OF_16,2021-06-27,0,24
2020,Netherlands,NED,Czechia,0.0,2.0,0.0,0,0,loss,ROUND_OF_16,2021-06-27,1,24
2020,Czechia,CZE,Netherlands,2.0,0.0,2.0,0,0,win,ROUND_OF_16,2021-06-27,1,24
2020,Italy,ITA,Austria,2.0,1.0,2.0,0,0,win,ROUND_OF_16,2021-06-26,0,24
2020,Austria,AUT,Italy,1.0,2.0,1.0,0,0,loss,ROUND_OF_16,2021-06-26,0,24
2020,Wales,WAL,Denmark,0.0,4.0,0.0,0,0,loss,ROUND_OF_16,2021-06-26,1,24
2020,Denmark,DEN,Wales,4.0,0.0,4.0,0,0,win,ROUND_OF_16,2021-06-26,1,24
2020,Germany,GER,Hungary,2.0,2.0,2.0,0,0,draw,GROUP_STANDINGS,2021-06-23,0,24
2020,Hungary,HUN,Germany,2.0,2.0,2.0,0,0,draw,GROUP_STANDINGS,2021-06-23,0,24
2020,Portugal,POR,France,2.0,2.0,-1.0,0,3,draw,GROUP_STANDINGS,2021-06-23,0,24
2020,France,FRA,Portugal,2.0,2.0,2.0,0,0,draw,GROUP_STANDINGS,2021-06-23,0,24
2020,Sweden,SWE,Poland,3.0,2.0,3.0,0,0,win,GROUP_STANDINGS,2021-06-23,0,24
2020,Poland,POL,Sweden,2.0,3.0,2.0,0,0,loss,GROUP_STANDINGS,2021-06-23,0,24
2020,Slovakia,SVK,Spain,0.0,5.0,-2.0,2,0,loss,GROUP_STANDINGS,2021-06-23,0,24
2020,Spain,ESP,Slovakia,5.0,0.0,5.0,0,0,win,GROUP_STANDINGS,2021-06-23,0,24
2020,Czechia,CZE,England,0.0,1.0,0.0,0,0,loss,GROUP_STANDINGS,2021-06-22,0,24
2020,England,ENG,Czechia,1.0,0.0,1.0,0,0,win,GROUP_STANDINGS,2021-06-22,0,24
2020,Croatia,CRO,Scotland,3.0,1.0,3.0,0,0,win,GROUP_STANDINGS,2021-06-22,0,24
2020,Scotland,SCO,Croatia,1.0,3.0,1.0,0,0,loss,GROUP_STANDINGS,2021-06-22,0,24
2020,Finland,FIN,Belgium,0.0,2.0,-1.0,1,0,loss,GROUP_STANDINGS,2021-06-21,0,24
2020,Belgium,BEL,Finland,2.0,0.0,2.0,0,0,win,GROUP_STANDINGS,2021-06-21,0,24
2020,Russia,RUS,Denmark,1.0,4.0,0.0,0,1,loss,GROUP_STANDINGS,2021-06-21,0,24
2020,Denmark,DEN,Russia,4.0,1.0,4.0,0,0,win,GROUP_STANDINGS,2021-06-21,0,24
2020,Ukraine,UKR,Austria,0.0,1.0,0.0,0,0,loss,GROUP_STANDINGS,2021-06-21,0,24
2020,Austria,AUT,Ukraine,1.0,0.0,1.0,0,0,win,GROUP_STANDINGS,2021-06-21,0,24
2020,North Macedonia,MKD,Netherlands,0.0,3.0,0.0,0,0,loss,GROUP_STANDINGS,2021-06-21,0,24
2020,Netherlands,NED,North Macedonia,3.0,0.0,3.0,0,0,win,GROUP_STANDINGS,2021-06-21,0,24
2020,Italy,ITA,Wales,1.0,0.0,1.0,0,0,win,GROUP_STANDINGS,2021-06-20,1,24
2020,Wales,WAL,Italy,0.0,1.0,0.0,0,0,loss,GROUP_STANDINGS,2021-06-20,1,24
2020,Switzerland,SUI,Turkey,3.0,1.0,3.0,0,0,win,GROUP_STANDINGS,2021-06-20,0,24
2020,Turkey,TUR,Switzerland,1.0,3.0,1.0,0,0,loss,GROUP_STANDINGS,2021-06-20,0,24
2020,Spain,ESP,Poland,1.0,1.0,1.0,0,0,draw,GROUP_STANDINGS,2021-06-19,0,24
2020,Poland,POL,Spain,1.0,1.0,1.0,0,0,draw,GROUP_STANDINGS,2021-06-19,0,24
2020,Portugal,POR,Germany,2.0,4.0,0.0,2,0,loss,GROUP_STANDINGS,2021-06-19,0,24
2020,Germany,GER,Portugal,4.0,2.0,4.0,0,0,win,GROUP_STANDINGS,2021-06-19,0,24
2020,Hungary,HUN,France,1.0,1.0,1.0,0,0,draw,GROUP_STANDINGS,2021-06-19,0,24
2020,France,FRA,Hungary,1.0,1.0,1.0,0,0,draw,GROUP_STANDINGS,2021-06-19,0,24
2020,England,ENG,Scotland,0.0,0.0,0.0,0,0,draw,GROUP_STANDINGS,2021-06-18,0,24
2020,Scotland,SCO,England,0.0,0.0,0.0,0,0,draw,GROUP_STANDINGS,2021-06-18,0,24
2020,Croatia,CRO,Czechia,1.0,1.0,0.0,0,1,draw,GROUP_STANDINGS,2021-06-18,0,24
2020,Czechia,CZE,Croatia,1.0,1.0,1.0,0,0,draw,GROUP_STANDINGS,2021-06-18,0,24
2020,Sweden,SWE,Slovakia,1.0,0.0,0.0,0,1,win,GROUP_STANDINGS,2021-06-18,0,24
2020,Slovakia,SVK,Sweden,0.0,1.0,0.0,0,0,loss,GROUP_STANDINGS,2021-06-18,0,24
2020,Netherlands,NED,Austria,2.0,0.0,1.0,0,1,win,GROUP_STANDINGS,2021-06-17,0,24
2020,Austria,AUT,Netherlands,0.0,2.0,0.0,0,0,loss,GROUP_STANDINGS,2021-06-17,0,24
2020,Denmark,DEN,Belgium,1.0,2.0,1.0,0,0,loss,GROUP_STANDINGS,2021-06-17,0,24
2020,Belgium,BEL,Denmark,2.0,1.0,2.0,0,0,win,GROUP_STANDINGS,2021-06-17,0,24
2020,Ukraine,UKR,North Macedonia,2.0,1.0,2.0,0,0,win,GROUP_STANDINGS,2021-06-17,0,24
2020,North Macedonia,MKD,Ukraine,1.0,2.0,1.0,0,0,loss,GROUP_STANDINGS,2021-06-17,0,24
2020,Italy,ITA,Switzerland,3.0,0.0,3.0,0,0,win,GROUP_STANDINGS,2021-06-16,0,24
2020,Switzerland,SUI,Italy,0.0,3.0,0.0,0,0,loss,GROUP_STANDINGS,2021-06-16,0,24
2020,Turkey,TUR,Wales,0.0,2.0,0.0,0,0,loss,GROUP_STANDINGS,2021-06-16,0,24
2020,Wales,WAL,Turkey,2.0,0.0,2.0,0,0,win,GROUP_STANDINGS,2021-06-16,0,24
2020,Finland,FIN,Russia,0.0,1.0,0.0,0,0,loss,GROUP_STANDINGS,2021-06-16,0,24
2020,Russia,RUS,Finland,1.0,0.0,1.0,0,0,win,GROUP_STANDINGS,2021-06-16,0,24
2020,France,FRA,Germany,1.0,0.0,0.0,1,0,win,GROUP_STANDINGS,2021-06-15,0,24
2020,Germany,GER,France,0.0,1.0,0.0,0,0,loss,GROUP_STANDINGS,2021-06-15,0,24
2020,Hungary,HUN,Portugal,0.0,3.0,-1.0,0,1,loss,GROUP_STANDINGS,2021-06-15,0,24
2020,Portugal,POR,Hungary,3.0,0.0,3.0,0,0,win,GROUP_STANDINGS,2021-06-15,0,24
2020,Spain,ESP,Sweden,0.0,0.0,0.0,0,0,draw,GROUP_STANDINGS,2021-06-14,0,24
2020,Sweden,SWE,Spain,0.0,0.0,0.0,0,0,draw,GROUP_STANDINGS,2021-06-14,0,24
2020,Poland,POL,Slovakia,1.0,2.0,0.0,1,0,loss,GROUP_STANDINGS,2021-06-14,1,24
2020,Slovakia,SVK,Poland,2.0,1.0,2.0,0,0,win,GROUP_STANDINGS,2021-06-14,1,24
2020,Scotland,SCO,Czechia,0.0,2.0,0.0,0,0,loss,GROUP_STANDINGS,2021-06-14,0,24
2020,Czechia,CZE,Scotland,2.0,0.0,2.0,0,0,win,GROUP_STANDINGS,2021-06-14,0,24
2020,Netherlands,NED,Ukraine,3.0,2.0,3.0,0,0,win,GROUP_STANDINGS,2021-06-13,0,24
2020,Ukraine,UKR,Netherlands,2.0,3.0,2.0,0,0,loss,GROUP_STANDINGS,2021-06-13,0,24
2020,Austria,AUT,North Macedonia,3.0,1.0,3.0,0,0,win,GROUP_STANDINGS,2021-06-13,0,24
2020,North Macedonia,MKD,Austria,1.0,3.0,1.0,0,0,loss,GROUP_STANDINGS,2021-06-13,0,24
2020,England,ENG,Croatia,1.0,0.0,1.0,0,0,win,GROUP_STANDINGS,2021-06-13,0,24
2020,Croatia,CRO,England,0.0,1.0,0.0,0,0,loss,GROUP_STANDINGS,2021-06-13,0,24
2020,Belgium,BEL,Russia,3.0,0.0,3.0,0,0,win,GROUP_STANDINGS,2021-06-12,0,24
2020,Russia,RUS,Belgium,0.0,3.0,0.0,0,0,loss,GROUP_STANDINGS,2021-06-12,0,24
2020,Denmark,DEN,Finland,0.0,1.0,0.0,0,0,loss,GROUP_STANDINGS,2021-06-12,0,24
2020,Finland,FIN,Denmark,1.0,0.0,1.0,0,0,win,GROUP_STANDINGS,2021-06-12,0,24
2020,Wales,WAL,Switzerland,1.0,1.0,1.0,0,0,draw,GROUP_STANDINGS,2021-06-12,0,24
2020,Switzerland,SUI,Wales,1.0,1.0,1.0,0,0,draw,GROUP_STANDINGS,2021-06-12,0,24
2020,Turkey,TUR,Italy,0.0,3.0,-1.0,1,0,loss,GROUP_STANDINGS,2021-06-11,0,24
2020,Italy,ITA,Turkey,3.0,0.0,3.0,0,0,win,GROUP_STANDINGS,2021-06-11,0,24
2024,Czechia,CZE,Turkey,1.0,2.0,1.0,0,0,loss,GROUP_STANDINGS,2024-06-26,2,24
2024,Turkey,TUR,Czechia,2.0,1.0,2.0,0,0,win,GROUP_STANDINGS,2024-06-26,2,24
2024,Georgia,GEO,Portugal,2.0,0.0,1.0,0,1,win,GROUP_STANDINGS,2024-06-26,0,24
2024,Portugal,POR,Georgia,0.0,2.0,0.0,0,0,loss,GROUP_STANDINGS,2024-06-26,0,24
2024,Ukraine,UKR,Belgium,0.0,0.0,0.0,0,0,draw,GROUP_STANDINGS,2024-06-26,0,24
2024,Belgium,BEL,Ukraine,0.0,0.0,0.0,0,0,draw,GROUP_STANDINGS,2024-06-26,0,24
2024,Slovakia,SVK,Romania,1.0,1.0,0.0,0,1,draw,GROUP_STANDINGS,2024-06-26,0,24
2024,Romania,ROU,Slovakia,1.0,1.0,1.0,0,0,draw,GROUP_STANDINGS,2024-06-26,0,24
2024,Denmark,DEN,Serbia,0.0,0.0,0.0,0,0,draw,GROUP_STANDINGS,2024-06-25,0,24
2024,Serbia,SRB,Denmark,0.0,0.0,0.0,0,0,draw,GROUP_STANDINGS,2024-06-25,0,24
2024,England,ENG,Slovenia,0.0,0.0,0.0,0,0,draw,GROUP_STANDINGS,2024-06-25,0,24
2024,Slovenia,SVN,England,0.0,0.0,0.0,0,0,draw,GROUP_STANDINGS,2024-06-25,0,24
2024,France,FRA,Poland,1.0,1.0,-1.0,0,2,draw,GROUP_STANDINGS,2024-06-25,0,24
2024,Poland,POL,France,1.0,1.0,1.0,0,0,draw,GROUP_STANDINGS,2024-06-25,0,24
2024,Netherlands,NED,Austria,2.0,3.0,1.0,1,0,loss,GROUP_STANDINGS,2024-06-25,0,24
2024,Austria,AUT,Netherlands,3.0,2.0,3.0,0,0,win,GROUP_STANDINGS,2024-06-25,0,24
2024,Croatia,CRO,Italy,1.0,1.0,1.0,0,0,draw,GROUP_STANDINGS,2024-06-24,0,24
2024,Italy,ITA,Croatia,1.0,1.0,1.0,0,0,draw,GROUP_STANDINGS,2024-06-24,0,24
2024,Albania,ALB,Spain,0.0,1.0,0.0,0,0,loss,GROUP_STANDINGS,2024-06-24,0,24
2024,Spain,ESP,Albania,1.0,0.0,1.0,0,0,win,GROUP_STANDINGS,2024-06-24,0,24
2024,Scotland,SCO,Hungary,0.0,1.0,0.0,0,0,loss,GROUP_STANDINGS,2024-06-23,0,24
2024,Hungary,HUN,Scotland,1.0,0.0,1.0,0,0,win,GROUP_STANDINGS,2024-06-23,0,24
2024,Switzerland,SUI,Germany,1.0,1.0,1.0,0,0,draw,GROUP_STANDINGS,2024-06-23,0,24
2024,Germany,GER,Switzerland,1.0,1.0,1.0,0,0,draw,GROUP_STANDINGS,2024-06-23,0,24
2024,Belgium,BEL,Romania,2.0,0.0,2.0,0,0,win,GROUP_STANDINGS,2024-06-22,0,24
2024,Romania,ROU,Belgium,0.0,2.0,0.0,0,0,loss,GROUP_STANDINGS,2024-06-22,0,24
2024,Turkey,TUR,Portugal,0.0,3.0,-1.0,1,0,loss,GROUP_STANDINGS,2024-06-22,0,24
2024,Portugal,POR,Turkey,3.0,0.0,3.0,0,0,win,GROUP_STANDINGS,2024-06-22,0,24
2024,Georgia,GEO,Czechia,1.0,1.0,0.0,0,1,draw,GROUP_STANDINGS,2024-06-22,0,24
2024,Czechia,CZE,Georgia,1.0,1.0,1.0,0,0,draw,GROUP_STANDINGS,2024-06-22,0,24
2024,Netherlands,NED,France,0.0,0.0,0.0,0,0,draw,GROUP_STANDINGS,2024-06-21,0,24
2024,France,FRA,Netherlands,0.0,0.0,0.0,0,0,draw,GROUP_STANDINGS,2024-06-21,0,24
2024,Poland,POL,Austria,1.0,3.0,0.0,0,1,loss,GROUP_STANDINGS,2024-06-21,0,24
2024,Austria,AUT,Poland,3.0,1.0,3.0,0,0,win,GROUP_STANDINGS,2024-06-21,0,24
2024,Slovakia,SVK,Ukraine,1.0,2.0,1.0,0,0,loss,GROUP_STANDINGS,2024-06-21,0,24
2024,Ukraine,UKR,Slovakia,2.0,1.0,2.0,0,0,win,GROUP_STANDINGS,2024-06-21,0,24
2024,Spain,ESP,Italy,1.0,0.0,0.0,1,0,win,GROUP_STANDINGS,2024-06-20,0,24
2024,Italy,ITA,Spain,0.0,1.0,0.0,0,0,loss,GROUP_STANDINGS,2024-06-20,0,24
2024,Denmark,DEN,England,1.0,1.0,1.0,0,0,draw,GROUP_STANDINGS,2024-06-20,0,24
2024,England,ENG,Denmark,1.0,1.0,1.0,0,0,draw,GROUP_STANDINGS,2024-06-20,0,24
2024,Slovenia,SVN,Serbia,1.0,1.0,1.0,0,0,draw,GROUP_STANDINGS,2024-06-20,0,24
2024,Serbia,SRB,Slovenia,1.0,1.0,1.0,0,0,draw,GROUP_STANDINGS,2024-06-20,0,24
2024,Scotland,SCO,Switzerland,1.0,1.0,1.0,0,0,draw,GROUP_STANDINGS,2024-06-19,0,24
2024,Switzerland,SUI,Scotland,1.0,1.0,1.0,0,0,draw,GROUP_STANDINGS,2024-06-19,0,24
2024,Germany,GER,Hungary,2.0,0.0,2.0,0,0,win,GROUP_STANDINGS,2024-06-19,0,24
2024,Hungary,HUN,Germany,0.0,2.0,0.0,0,0,loss,GROUP_STANDINGS,2024-06-19,0,24
2024,Croatia,CRO,Albania,2.0,2.0,1.0,1,0,draw,GROUP_STANDINGS,2024-06-19,0,24
2024,Albania,ALB,Croatia,2.0,2.0,2.0,0,0,draw,GROUP_STANDINGS,2024-06-19,0,24
2024,Portugal,POR,Czechia,2.0,1.0,1.0,1,0,win,GROUP_STANDINGS,2024-06-18,0,24
2024,Czechia,CZE,Portugal,1.0,2.0,1.0,0,0,loss,GROUP_STANDINGS,2024-06-18,0,24
2024,Turkey,TUR,Georgia,3.0,1.0,3.0,0,0,win,GROUP_STANDINGS,2024-06-18,0,24
2024,Georgia,GEO,Turkey,1.0,3.0,1.0,0,0,loss,GROUP_STANDINGS,2024-06-18,0,24
2024,Austria,AUT,France,0.0,1.0,-1.0,1,0,loss,GROUP_STANDINGS,2024-06-17,0,24
2024,France,FRA,Austria,1.0,0.0,1.0,0,0,win,GROUP_STANDINGS,2024-06-17,0,24
2024,Belgium,BEL,Slovakia,0.0,1.0,0.0,0,0,loss,GROUP_STANDINGS,2024-06-17,0,24
2024,Slovakia,SVK,Belgium,1.0,0.0,1.0,0,0,win,GROUP_STANDINGS,2024-06-17,0,24
2024,Romania,ROU,Ukraine,3.0,0.0,3.0,0,0,win,GROUP_STANDINGS,2024-06-17,0,24
2024,Ukraine,UKR,Romania,0.0,3.0,0.0,0,0,loss,GROUP_STANDINGS,2024-06-17,0,24
2024,Serbia,SRB,England,0.0,1.0,0.0,0,0,loss,GROUP_STANDINGS,2024-06-16,0,24
2024,England,ENG,Serbia,1.0,0.0,1.0,0,0,win,GROUP_STANDINGS,2024-06-16,0,24
2024,Slovenia,SVN,Denmark,1.0,1.0,1.0,0,0,draw,GROUP_STANDINGS,2024-06-16,0,24
2024,Denmark,DEN,Slovenia,1.0,1.0,1.0,0,0,draw,GROUP_STANDINGS,2024-06-16,0,24
2024,Poland,POL,Netherlands,1.0,2.0,1.0,0,0,loss,GROUP_STANDINGS,2024-06-16,0,24
2024,Netherlands,NED,Poland,2.0,1.0,2.0,0,0,win,GROUP_STANDINGS,2024-06-16,0,24
2024,Italy,ITA,Albania,2.0,1.0,2.0,0,0,win,GROUP_STANDINGS,2024-06-15,0,24
2024,Albania,ALB,Italy,1.0,2.0,1.0,0,0,loss,GROUP_STANDINGS,2024-06-15,0,24
2024,Spain,ESP,Croatia,3.0,0.0,3.0,0,0,win,GROUP_STANDINGS,2024-06-15,0,24
2024,Croatia,CRO,Spain,0.0,3.0,0.0,0,0,loss,GROUP_STANDINGS,2024-06-15,0,24
2024,Hungary,HUN,Switzerland,1.0,3.0,1.0,0,0,loss,GROUP_STANDINGS,2024-06-15,0,24
2024,Switzerland,SUI,Hungary,3.0,1.0,3.0,0,0,win,GROUP_STANDINGS,2024-06-15,0,24
2024,Germany,GER,Scotland,5.0,1.0,3.0,1,1,win,GROUP_STANDINGS,2024-06-14,1,24
2024,Scotland,SCO,Germany,1.0,5.0,1.0,0,0,loss,GROUP_STANDINGS,2024-06-14,1,24
